date,actual,prediction,probability,close,ema50
2025-05-30,0,1,0.7459387,24750.69921875,24148.207427070625
2025-06-02,0,1,0.5715996,24716.599609375,24170.49731657276
2025-06-03,1,1,0.75811875,24542.5,24185.08565709932
2025-06-04,1,1,0.6417343,24620.19921875,24202.148934026798
2025-06-05,1,1,0.7170655,24750.900390625,24223.668598991433
2025-06-06,1,1,0.6347647,25003.05078125,24254.232606138827
2025-06-09,1,0,0.30162847,25103.19921875,24287.52541447652
2025-06-10,1,0,0.25899324,25104.25,24319.55382959509
2025-06-11,0,0,0.33632782,25141.400390625,24351.783106498224
2025-06-12,0,0,0.377708,24888.19921875,24372.819032468884
2025-06-13,1,1,0.53014475,24718.599609375,24386.379055092657
2025-06-16,0,1,0.5601518,24946.5,24408.344582343925
2025-06-17,0,1,0.61121845,24853.400390625,24425.797751296122
2025-06-18,0,0,0.3055355,24812.05078125,24440.944928941375
2025-06-19,1,0,0.3517285,24793.25,24454.760814080928
2025-06-20,0,0,0.35367095,25112.400390625,24480.550601396382
2025-06-23,1,0,0.20526277,24971.900390625,24499.81922058182
2025-06-24,1,0,0.3716587,25044.349609375,24521.17335347567
2025-06-25,1,1,0.58102435,25244.75,24549.54890824133
2025-06-26,1,0,0.43055746,25549.0,24588.743068702453
2025-06-27,0,1,0.5667302,25637.80078125,24629.882586841573
2025-06-30,1,0,0.46014953,25517.05078125,24664.673496426218
2025-07-01,0,1,0.67072225,25541.80078125,24699.07064485068
2025-07-02,0,1,0.51769686,25453.400390625,24728.652203508496
2025-07-03,1,0,0.40269673,25405.30078125,24755.187441851303
2025-07-04,1,0,0.33637616,25461.0,24782.866365700273
2025-07-07,1,0,0.32195172,25461.30078125,24809.4716368983
2025-07-08,0,1,0.53587204,25522.5,24837.433533490523
2025-07-09,0,0,0.48626098,25476.099609375,24862.47926195658
2025-07-10,0,1,0.71165794,25355.25,24881.80360462495
2025-07-11,0,1,0.7124962,25149.849609375,24892.315212654365
2025-07-14,1,1,0.5168022,25082.30078125,24899.765627109096
2025-07-15,1,1,0.6383197,25195.80078125,24911.374848840114
2025-07-16,0,1,0.78156346,25212.05078125,24923.166061875796
2025-07-17,0,1,0.7955465,25111.44921875,24930.54971508655
2025-07-18,1,1,0.80461603,24968.400390625,24932.034055303742
2025-07-21,0,1,0.7363017,25090.69921875,24938.256218576145
2025-07-22,1,1,0.73388964,25060.900390625,24943.06579395061
2025-07-23,0,1,0.8339915,25219.900390625,24953.922052643724
2025-07-24,0,1,0.59749174,25062.099609375,24958.164309770444
2025-07-25,0,1,0.6205752,24837.0,24953.41276821082
2025-07-28,1,1,0.7549758,24680.900390625,24942.726008305493
2025-07-29,1,1,0.69954073,24821.099609375,24937.95634560234
2025-07-30,0,1,0.7167655,24855.05078125,24934.705147000288
2025-07-31,0,0,0.46654034,24768.349609375,24928.181400426747
2025-08-01,1,0,0.4955527,24565.349609375,24913.952702738443
2025-08-04,0,1,0.69354224,24722.75,24906.454557533012
2025-08-05,0,1,0.6206854,24649.55078125,24896.37989963956
2025-08-06,1,0,0.362597,24574.19921875,24883.745363134087
2025-08-07,0,1,0.68326664,24596.150390625,24872.467128918044
2025-08-08,1,0,0.39290452,24363.30078125,24852.49982116636
2025-08-11,0,1,0.60718155,24585.05078125,24842.01162352258
2025-08-12,1,0,0.39575312,24487.400390625,24828.105300663854
2025-08-13,1,0,0.46130225,24619.349609375,24819.918802966255
2025-08-14,1,0,0.31328952,24631.30078125,24812.52201780091
2025-08-18,1,0,0.48259988,24876.94921875,24815.04857470088
2025-08-19,1,0,0.37734845,24980.650390625,24821.54276356065
2025-08-20,1,0,0.2976473,25050.55078125,24830.5234701367
2025-08-21,0,0,0.19152814,25083.75,24840.4539222882
2025-08-22,1,0,0.38447338,24870.099609375,24841.61649825239
2025-08-25,0,1,0.5379332,24967.75,24846.56291008563
2025-08-26,0,0,0.473715,24712.05078125,24841.2879246411
2025-08-28,0,0,0.25948533,24500.900390625,24827.939393895373
2025-08-29,1,0,0.19591136,24426.849609375,24812.21038273771
2025-09-01,0,1,0.6140315,24625.05078125,24804.87079052251
2025-09-02,1,0,0.21418415,24579.599609375,24796.036626555942
2025-09-03,1,1,0.5539768,24715.05078125,24792.86071105375
2025-09-04,1,0,0.39699742,24734.30078125,24790.56424321831
2025-09-05,1,0,0.30636257,24741.0,24788.620547405826
2025-09-08,1,0,0.2895113,24773.150390625,24788.01387459089
2025-09-09,1,0,0.32695538,24868.599609375,24791.174099484386
2025-09-10,1,0,0.4190125,24973.099609375,24798.308433205584
2025-09-11,1,1,0.6825803,25005.5,24806.433592687717
2025-09-12,0,1,0.63451266,25114.0,24818.495020425453
2025-09-15,1,1,0.6344079,25069.19921875,24828.32655761465
2025-09-16,1,1,0.7311067,25239.099609375,24844.43530474251
2025-09-17,1,1,0.67150795,25330.25,24863.486861419275
2025-09-18,0,1,0.7616136,25423.599609375,24885.45206722146
2025-09-19,0,1,0.59602815,25327.05078125,24902.76966385003
2025-09-22,0,1,0.6817672,25202.349609375,24914.517897007874
2025-09-23,0,1,0.7581427,25169.5,24924.51719516443
2025-09-24,0,1,0.5618692,25056.900390625,24929.70869302563
2025-09-25,0,0,0.40880767,24890.849609375,24928.184807392274
2025-09-26,0,1,0.6751003,24654.69921875,24917.45988234748
2025-09-29,0,1,0.7139614,24634.900390625,24906.379117966208
2025-09-30,1,1,0.86131734,24611.099609375,24894.799529394004
2025-10-01,1,1,0.8484863,24836.30078125,24892.50546083934
2025-10-03,1,1,0.6961319,24894.25,24892.57387413976
2025-10-06,1,1,0.6991391,25077.650390625,24899.831776747025
2025-10-07,0,1,0.6970712,25108.30078125,24908.00703182557
2025-10-08,1,1,0.5820222,25046.150390625,24913.424418445156
2025-10-09,1,1,0.6358376,25181.80078125,24923.948981692407
2025-10-10,0,1,0.5325289,25285.349609375,24938.12155532702
2025-10-13,0,1,0.53950197,25227.349609375,24949.463831956353
2025-10-14,1,1,0.7577229,25145.5,24957.15152482081
2025-10-15,1,1,0.5890223,25323.55078125,24971.52012311215
2025-10-16,1,1,0.7082291,25585.30078125,24995.58995284305
2025-10-17,1,1,0.5145472,25709.849609375,25023.600135452143
2025-10-20,1,1,0.71205324,25843.150390625,25055.7393611452
2025-10-21,1,1,0.5708647,25868.599609375,25087.6162336248
2025-10-23,0,1,0.7345136,25891.400390625,25119.137180958143
2025-10-24,1,1,0.7182357,25795.150390625,25145.647502905864
2025-10-27,0,1,0.55413634,25966.05078125,25177.820180487986
2025-10-28,1,1,0.67662007,25936.19921875,25207.560534929635
2025-10-29,0,1,0.6421844,26053.900390625,25240.750333192198
2025-10-30,0,0,0.2822756,25877.849609375,25265.7346185327
2025-10-31,1,0,0.48459288,25722.099609375,25283.63128484024
2025-11-03,0,1,0.63221204,25763.349609375,25302.44376815533
2025-11-04,0,0,0.45870343,25597.650390625,25314.02049844826
2025-11-06,0,1,0.7400329,25509.69921875,25321.69417375421
2025-11-07,1,1,0.6077677,25492.30078125,25328.384628950123
2025-11-10,1,1,0.6581192,25574.349609375,25338.03031445698
2025-11-11,1,1,0.64367193,25694.94921875,25352.02713423318
2025-11-12,1,1,0.5927878,25875.80078125,25372.56727725345
2025-11-13,1,1,0.6157828,25879.150390625,25392.433281699392
2025-11-14,1,1,0.7502851,25910.05078125,25412.732007171966
2025-11-17,0,1,0.823221,26013.44921875,25436.28954488091
2025-11-18,1,1,0.869764,25910.05078125,25454.868416895388
2025-11-19,1,1,0.7067101,26052.650390625,25478.310847237724
2025-11-20,0,1,0.5809526,26192.150390625,25506.304554821538
2025-11-21,0,0,0.40609947,26068.150390625,25528.337724853045
2025-11-24,0,1,0.823793,25959.5,25545.246049368612
2025-11-25,1,1,0.6660317,25884.80078125,25558.561921207096
2025-11-26,1,0,0.4245841,26205.30078125,25583.924229444074
2025-11-27,0,1,0.5501899,26215.55078125,25608.693898142345
2025-11-28,0,1,0.68164855,26202.94921875,25631.998028362254
2025-12-01,0,1,0.7477054,26175.75,25653.321635093147
2025-12-02,0,1,0.64441454,26032.19921875,25668.179579550277
2025-12-03,1,1,0.68947804,25986.0,25680.643125450268
2025-12-04,1,1,0.76200736,26033.75,25694.490453863986
2025-12-05,0,1,0.7477269,26186.44921875,25713.78295444775
2025-12-08,0,1,0.7131819,25960.55078125,25723.460124126268
2025-12-09,0,1,0.7498826,25839.650390625,25728.016605165434
2025-12-10,1,1,0.80332226,25758.0,25729.192424570712
2025-12-11,1,1,0.76047295,25898.55078125,25735.833928754215
2025-12-12,0,1,0.68573314,26046.94921875,25748.03452836189
2025-12-15,0,1,0.6032844,26027.30078125,25758.98614612221
2025-12-16,0,0,0.44727483,25860.099609375,25762.951379975264
2025-12-17,0,1,0.7090686,25818.55078125,25765.131748652704
2025-12-18,1,1,0.5210582,25815.55078125,25767.108965617303
2025-12-19,1,1,0.71857625,25966.400390625,25774.924315617605
2025-12-22,1,1,0.6363694,26172.400390625,25790.51161267672
2025-12-23,0,1,0.74618894,26177.150390625,25805.6739176943
2025-12-24,0,1,0.8284433,26142.099609375,25818.867082073935
2025-12-26,0,1,0.83865196,26042.30078125,25827.62918792398
2025-12-29,0,1,0.7271445,25942.099609375,25832.11822405931
2025-12-30,1,1,0.6733758,25938.849609375,25836.303768581496
2025-12-31,0,1,0.6019094,26129.599609375,25847.805566259674
