date,actual,pred,prob,close,fold
2023-03-21,1,0,0.5281746,17107.5,1
2023-03-22,0,0,0.5245645,17151.900390625,1
2023-03-23,0,0,0.48165005,17076.900390625,1
2023-03-24,1,0,0.42994213,16945.05078125,1
2023-03-27,0,0,0.50761914,16985.69921875,1
2023-03-28,1,0,0.4627836,16951.69921875,1
2023-03-29,1,0,0.5368372,17080.69921875,1
2023-03-31,1,0,0.51938516,17359.75,1
2023-04-03,1,1,0.55460155,17398.05078125,1
2023-04-05,1,1,0.5766177,17557.05078125,1
2023-04-06,1,1,0.5618051,17599.150390625,1
2023-04-10,1,1,0.55454594,17624.05078125,1
2023-04-11,1,1,0.58807236,17722.30078125,1
2023-04-12,1,1,0.5719377,17812.400390625,1
2023-04-13,0,1,0.55865824,17828.0,1
2023-04-17,0,0,0.5241396,17706.849609375,1
2023-04-18,0,0,0.5038638,17660.150390625,1
2023-04-19,1,0,0.4946847,17618.75,1
2023-04-20,0,0,0.5440491,17624.44921875,1
2023-04-21,1,0,0.47504583,17624.05078125,1
2023-04-24,1,1,0.57889783,17743.400390625,1
2023-04-25,1,1,0.55022955,17769.25,1
2023-04-26,1,1,0.55469084,17813.599609375,1
2023-04-27,1,1,0.5579025,17915.05078125,1
2023-04-28,1,1,0.5879868,18065.0,1
2023-05-02,0,1,0.5523942,18147.650390625,1
2023-05-03,1,0,0.49576092,18089.849609375,1
2023-05-04,0,0,0.5414748,18255.80078125,1
2023-05-05,1,0,0.4502726,18069.0,1
2023-05-08,1,0,0.5046952,18264.400390625,1
2023-05-09,1,0,0.45600918,18265.94921875,1
2023-05-10,0,0,0.50875586,18315.099609375,1
2023-05-11,1,0,0.4902991,18297.0,1
2023-05-12,1,0,0.52443093,18314.80078125,1
2023-05-15,0,1,0.5572243,18398.849609375,1
2023-05-16,0,0,0.494015,18286.5,1
2023-05-17,0,0,0.47263822,18181.75,1
2023-05-18,1,0,0.5146933,18129.94921875,1
2023-05-19,1,1,0.56704456,18203.400390625,1
2023-05-22,1,0,0.5154299,18314.400390625,1
2023-05-23,0,0,0.53442085,18348.0,1
2023-05-24,1,0,0.43730652,18285.400390625,1
2023-05-25,1,0,0.47607067,18321.150390625,1
2023-05-26,1,1,0.5623882,18499.349609375,1
2023-05-29,1,1,0.5544715,18598.650390625,1
2023-05-30,0,1,0.576696,18633.849609375,1
2023-05-31,0,0,0.52853245,18534.400390625,1
2023-06-01,1,0,0.5216787,18487.75,1
2023-06-02,1,1,0.5626454,18534.099609375,1
2023-06-05,1,1,0.56794447,18593.849609375,1
2023-06-06,1,0,0.5380404,18599.0,1
2023-06-07,0,1,0.5793132,18726.400390625,1
2023-06-08,0,0,0.50971186,18634.55078125,1
2023-06-09,1,0,0.45863557,18563.400390625,1
2023-06-12,1,0,0.48530468,18601.5,1
2023-06-13,1,0,0.5257196,18716.150390625,1
2023-06-14,0,0,0.51822805,18755.900390625,1
2023-06-15,1,0,0.469761,18688.099609375,1
2023-06-16,0,1,0.5578631,18826.0,1
2023-06-19,1,0,0.47235334,18755.44921875,1
2023-06-20,1,0,0.51965636,18816.69921875,1
2023-06-21,0,0,0.51559615,18856.849609375,1
2023-06-22,0,0,0.4776293,18771.25,1
2023-04-25,1,1,0.56606305,17769.25,2
2023-04-26,1,1,0.5628411,17813.599609375,2
2023-04-27,1,1,0.5793934,17915.05078125,2
2023-04-28,1,1,0.6079894,18065.0,2
2023-05-02,0,1,0.5776983,18147.650390625,2
2023-05-03,1,0,0.5055937,18089.849609375,2
2023-05-04,0,1,0.56301326,18255.80078125,2
2023-05-05,1,0,0.4535381,18069.0,2
2023-05-08,1,0,0.5351646,18264.400390625,2
2023-05-09,1,0,0.48554614,18265.94921875,2
2023-05-10,0,0,0.52496535,18315.099609375,2
2023-05-11,1,0,0.51195365,18297.0,2
2023-05-12,1,0,0.53336066,18314.80078125,2
2023-05-15,0,1,0.5803993,18398.849609375,2
2023-05-16,0,0,0.5087619,18286.5,2
2023-05-17,0,0,0.48682493,18181.75,2
2023-05-18,1,0,0.5042417,18129.94921875,2
2023-05-19,1,1,0.5869382,18203.400390625,2
2023-05-22,1,0,0.532445,18314.400390625,2
2023-05-23,0,1,0.55313545,18348.0,2
2023-05-24,1,0,0.4463866,18285.400390625,2
2023-05-25,1,0,0.49927709,18321.150390625,2
2023-05-26,1,1,0.5765178,18499.349609375,2
2023-05-29,1,1,0.5705355,18598.650390625,2
2023-05-30,0,1,0.59673345,18633.849609375,2
2023-05-31,0,0,0.5329168,18534.400390625,2
2023-06-01,1,0,0.53736395,18487.75,2
2023-06-02,1,1,0.58476776,18534.099609375,2
2023-06-05,1,1,0.60332286,18593.849609375,2
2023-06-06,1,1,0.5520378,18599.0,2
2023-06-07,0,1,0.6036714,18726.400390625,2
2023-06-08,0,0,0.51558053,18634.55078125,2
2023-06-09,1,0,0.4757607,18563.400390625,2
2023-06-12,1,0,0.5096938,18601.5,2
2023-06-13,1,1,0.55564535,18716.150390625,2
2023-06-14,0,0,0.5422659,18755.900390625,2
2023-06-15,1,0,0.47776634,18688.099609375,2
2023-06-16,0,1,0.58073235,18826.0,2
2023-06-19,1,0,0.48115742,18755.44921875,2
2023-06-20,1,0,0.5365792,18816.69921875,2
2023-06-21,0,0,0.53631425,18856.849609375,2
2023-06-22,0,0,0.48664412,18771.25,2
2023-06-23,1,0,0.4557238,18665.5,2
2023-06-26,1,0,0.49233803,18691.19921875,2
2023-06-27,1,1,0.57038337,18817.400390625,2
2023-06-28,1,1,0.5827128,18972.099609375,2
2023-06-30,1,1,0.6146275,19189.05078125,2
2023-07-03,1,1,0.5831557,19322.55078125,2
2023-07-04,1,1,0.5746622,19389.0,2
2023-07-05,1,0,0.52028185,19398.5,2
2023-07-06,0,1,0.55902886,19497.30078125,2
2023-07-07,1,0,0.49597585,19331.80078125,2
2023-07-10,1,0,0.5164866,19355.900390625,2
2023-07-11,0,1,0.5912754,19439.400390625,2
2023-07-12,1,0,0.5440475,19384.30078125,2
2023-07-13,1,1,0.5637152,19413.75,2
2023-07-14,1,1,0.60490733,19564.5,2
2023-07-17,1,1,0.58169675,19711.44921875,2
2023-07-18,1,0,0.5358732,19749.25,2
2023-07-19,1,1,0.5847009,19833.150390625,2
2023-07-20,0,1,0.5643447,19979.150390625,2
2023-07-21,0,0,0.48000777,19745.0,2
2023-07-24,1,0,0.47410038,19672.349609375,2
2023-05-25,1,0,0.52575266,18321.150390625,3
2023-05-26,1,1,0.59842473,18499.349609375,3
2023-05-29,1,1,0.575138,18598.650390625,3
2023-05-30,0,1,0.6166458,18633.849609375,3
2023-05-31,0,1,0.55378467,18534.400390625,3
2023-06-01,1,1,0.5507429,18487.75,3
2023-06-02,1,1,0.6012201,18534.099609375,3
2023-06-05,1,1,0.61398077,18593.849609375,3
2023-06-06,1,1,0.57908684,18599.0,3
2023-06-07,0,1,0.6239621,18726.400390625,3
2023-06-08,0,0,0.54319465,18634.55078125,3
2023-06-09,1,0,0.4878559,18563.400390625,3
2023-06-12,1,0,0.5177048,18601.5,3
2023-06-13,1,1,0.57184064,18716.150390625,3
2023-06-14,0,1,0.5778191,18755.900390625,3
2023-06-15,1,0,0.50869006,18688.099609375,3
2023-06-16,0,1,0.5911953,18826.0,3
2023-06-19,1,0,0.49281025,18755.44921875,3
2023-06-20,1,0,0.54996276,18816.69921875,3
2023-06-21,0,0,0.54955065,18856.849609375,3
2023-06-22,0,0,0.4874343,18771.25,3
2023-06-23,1,0,0.4718496,18665.5,3
2023-06-26,1,0,0.5057279,18691.19921875,3
2023-06-27,1,1,0.5802695,18817.400390625,3
2023-06-28,1,1,0.6009127,18972.099609375,3
2023-06-30,1,1,0.6274602,19189.05078125,3
2023-07-03,1,1,0.5825711,19322.55078125,3
2023-07-04,1,1,0.57537293,19389.0,3
2023-07-05,1,0,0.53582025,19398.5,3
2023-07-06,0,1,0.57966024,19497.30078125,3
2023-07-07,1,0,0.522155,19331.80078125,3
2023-07-10,1,1,0.55494714,19355.900390625,3
2023-07-11,0,1,0.6258014,19439.400390625,3
2023-07-12,1,1,0.58190393,19384.30078125,3
2023-07-13,1,1,0.60121083,19413.75,3
2023-07-14,1,1,0.6396848,19564.5,3
2023-07-17,1,1,0.59548795,19711.44921875,3
2023-07-18,1,1,0.5583364,19749.25,3
2023-07-19,1,1,0.6016087,19833.150390625,3
2023-07-20,0,1,0.5851313,19979.150390625,3
2023-07-21,0,0,0.5110117,19745.0,3
2023-07-24,1,0,0.4975308,19672.349609375,3
2023-07-25,1,1,0.5750757,19680.599609375,3
2023-07-26,0,1,0.60908705,19778.30078125,3
2023-07-27,0,1,0.5637814,19659.900390625,3
2023-07-28,1,1,0.56578,19646.05078125,3
2023-07-31,0,1,0.5853394,19753.80078125,3
2023-08-01,0,0,0.50761545,19733.55078125,3
2023-08-02,0,0,0.44219974,19526.55078125,3
2023-08-03,1,0,0.44279733,19381.650390625,3
2023-08-04,1,0,0.49938938,19517.0,3
2023-08-07,0,0,0.48623547,19597.30078125,3
2023-08-08,1,0,0.4670013,19570.849609375,3
2023-08-09,0,0,0.4973791,19632.55078125,3
2023-08-10,0,0,0.4465227,19543.099609375,3
2023-08-11,1,0,0.4468126,19428.30078125,3
2023-08-14,1,0,0.47343072,19434.55078125,3
2023-08-16,0,0,0.4830104,19465.0,3
2023-08-17,0,0,0.45573488,19365.25,3
2023-08-18,1,0,0.46808925,19310.150390625,3
2023-08-21,1,0,0.51594603,19393.599609375,3
2023-08-22,1,0,0.49058586,19396.44921875,3
2023-08-23,0,1,0.55303484,19444.0,3
2023-06-23,1,0,0.49579725,18665.5,4
2023-06-26,1,0,0.53256416,18691.19921875,4
2023-06-27,1,1,0.6012068,18817.400390625,4
2023-06-28,1,1,0.6017483,18972.099609375,4
2023-06-30,1,1,0.6270662,19189.05078125,4
2023-07-03,1,1,0.59438854,19322.55078125,4
2023-07-04,1,1,0.5936994,19389.0,4
2023-07-05,1,0,0.54500765,19398.5,4
2023-07-06,0,1,0.5880831,19497.30078125,4
2023-07-07,1,0,0.51444,19331.80078125,4
2023-07-10,1,1,0.5612927,19355.900390625,4
2023-07-11,0,1,0.6342788,19439.400390625,4
2023-07-12,1,1,0.5787905,19384.30078125,4
2023-07-13,1,1,0.6030292,19413.75,4
2023-07-14,1,1,0.643515,19564.5,4
2023-07-17,1,1,0.5972341,19711.44921875,4
2023-07-18,1,1,0.55932224,19749.25,4
2023-07-19,1,1,0.6059209,19833.150390625,4
2023-07-20,0,1,0.58395857,19979.150390625,4
2023-07-21,0,0,0.49480462,19745.0,4
2023-07-24,1,0,0.48830676,19672.349609375,4
2023-07-25,1,1,0.56909627,19680.599609375,4
2023-07-26,0,1,0.6063845,19778.30078125,4
2023-07-27,0,1,0.56935596,19659.900390625,4
2023-07-28,1,1,0.5723415,19646.05078125,4
2023-07-31,0,1,0.6049173,19753.80078125,4
2023-08-01,0,0,0.53364646,19733.55078125,4
2023-08-02,0,0,0.44849053,19526.55078125,4
2023-08-03,1,0,0.44673064,19381.650390625,4
2023-08-04,1,0,0.50804895,19517.0,4
2023-08-07,0,0,0.5004803,19597.30078125,4
2023-08-08,1,0,0.4684958,19570.849609375,4
2023-08-09,0,0,0.52062345,19632.55078125,4
2023-08-10,0,0,0.4560053,19543.099609375,4
2023-08-11,1,0,0.4625392,19428.30078125,4
2023-08-14,1,0,0.48340806,19434.55078125,4
2023-08-16,0,0,0.49199054,19465.0,4
2023-08-17,0,0,0.4643387,19365.25,4
2023-08-18,1,0,0.48475182,19310.150390625,4
2023-08-21,1,0,0.5349552,19393.599609375,4
2023-08-22,1,0,0.51518524,19396.44921875,4
2023-08-23,0,1,0.5554806,19444.0,4
2023-08-24,0,0,0.5255512,19386.69921875,4
2023-08-25,1,0,0.46053013,19265.80078125,4
2023-08-28,1,0,0.52085286,19306.05078125,4
2023-08-29,1,0,0.5187157,19342.650390625,4
2023-08-30,0,0,0.51223004,19347.44921875,4
2023-08-31,1,0,0.47237644,19253.80078125,4
2023-09-01,1,1,0.6015682,19435.30078125,4
2023-09-04,1,1,0.61861587,19528.80078125,4
2023-09-05,1,1,0.6064977,19574.900390625,4
2023-09-06,1,1,0.597937,19611.05078125,4
2023-09-07,1,1,0.6153,19727.05078125,4
2023-09-08,1,1,0.637167,19819.94921875,4
2023-09-11,0,1,0.59096223,19996.349609375,4
2023-09-12,1,0,0.5449465,19993.19921875,4
2023-09-13,1,1,0.57849056,20070.0,4
2023-09-14,1,1,0.577173,20103.099609375,4
2023-09-15,0,1,0.6022337,20192.349609375,4
2023-09-18,0,1,0.5654718,20133.30078125,4
2023-09-20,0,0,0.5457354,19901.400390625,4
2023-09-21,0,0,0.5449952,19742.349609375,4
2023-09-22,1,0,0.54890215,19674.25,4
2023-07-25,1,1,0.6014921,19680.599609375,5
2023-07-26,0,1,0.6333155,19778.30078125,5
2023-07-27,0,1,0.5957049,19659.900390625,5
2023-07-28,1,1,0.5972892,19646.05078125,5
2023-07-31,0,1,0.6319461,19753.80078125,5
2023-08-01,0,1,0.5833617,19733.55078125,5
2023-08-02,0,0,0.4680421,19526.55078125,5
2023-08-03,1,0,0.4604154,19381.650390625,5
2023-08-04,1,0,0.5261334,19517.0,5
2023-08-07,0,0,0.53574985,19597.30078125,5
2023-08-08,1,0,0.50827444,19570.849609375,5
2023-08-09,0,0,0.5325131,19632.55078125,5
2023-08-10,0,0,0.49363673,19543.099609375,5
2023-08-11,1,0,0.5066515,19428.30078125,5
2023-08-14,1,0,0.49630138,19434.55078125,5
2023-08-16,0,0,0.519077,19465.0,5
2023-08-17,0,0,0.49552232,19365.25,5
2023-08-18,1,0,0.5133118,19310.150390625,5
2023-08-21,1,1,0.55814165,19393.599609375,5
2023-08-22,1,0,0.5423335,19396.44921875,5
2023-08-23,0,1,0.5863593,19444.0,5
2023-08-24,0,0,0.54532325,19386.69921875,5
2023-08-25,1,0,0.4917519,19265.80078125,5
2023-08-28,1,1,0.5567626,19306.05078125,5
2023-08-29,1,1,0.55879676,19342.650390625,5
2023-08-30,0,0,0.5464861,19347.44921875,5
2023-08-31,1,0,0.5188975,19253.80078125,5
2023-09-01,1,1,0.6026866,19435.30078125,5
2023-09-04,1,1,0.632762,19528.80078125,5
2023-09-05,1,1,0.62038475,19574.900390625,5
2023-09-06,1,1,0.61724347,19611.05078125,5
2023-09-07,1,1,0.6256309,19727.05078125,5
2023-09-08,1,1,0.65962994,19819.94921875,5
2023-09-11,0,1,0.6356798,19996.349609375,5
2023-09-12,1,1,0.5915862,19993.19921875,5
2023-09-13,1,1,0.6104147,20070.0,5
2023-09-14,1,1,0.6368422,20103.099609375,5
2023-09-15,0,1,0.6505346,20192.349609375,5
2023-09-18,0,1,0.5957096,20133.30078125,5
2023-09-20,0,1,0.56513345,19901.400390625,5
2023-09-21,0,1,0.5599331,19742.349609375,5
2023-09-22,1,1,0.554928,19674.25,5
2023-09-25,0,1,0.5516817,19674.55078125,5
2023-09-26,1,0,0.5417688,19664.69921875,5
2023-09-27,0,0,0.54083085,19716.44921875,5
2023-09-28,1,0,0.5092607,19523.55078125,5
2023-09-29,0,1,0.5521569,19638.30078125,5
2023-10-03,0,0,0.47181275,19528.75,5
2023-10-04,1,0,0.47095716,19436.099609375,5
2023-10-05,1,1,0.5589162,19545.75,5
2023-10-06,0,1,0.5787465,19653.5,5
2023-10-09,1,0,0.46849734,19512.349609375,5
2023-10-10,1,1,0.5869811,19689.849609375,5
2023-10-11,0,1,0.6248661,19811.349609375,5
2023-10-12,0,1,0.5542216,19794.0,5
2023-10-13,0,0,0.5299485,19751.05078125,5
2023-10-16,1,0,0.5450143,19731.75,5
2023-10-17,0,1,0.65117806,19811.5,5
2023-10-18,0,0,0.5497165,19671.099609375,5
2023-10-19,0,0,0.5461819,19624.69921875,5
2023-10-20,0,0,0.49968567,19542.650390625,5
2023-10-23,0,0,0.45383018,19281.75,5
2023-10-25,0,0,0.49246594,19122.150390625,5
2023-08-24,0,0,0.5396953,19386.69921875,6
2023-08-25,1,0,0.47882617,19265.80078125,6
2023-08-28,1,1,0.5505247,19306.05078125,6
2023-08-29,1,1,0.55351716,19342.650390625,6
2023-08-30,0,0,0.54974014,19347.44921875,6
2023-08-31,1,0,0.50656646,19253.80078125,6
2023-09-01,1,1,0.5798491,19435.30078125,6
2023-09-04,1,1,0.6016865,19528.80078125,6
2023-09-05,1,1,0.60395175,19574.900390625,6
2023-09-06,1,1,0.599423,19611.05078125,6
2023-09-07,1,1,0.6077668,19727.05078125,6
2023-09-08,1,1,0.64298594,19819.94921875,6
2023-09-11,0,1,0.6255098,19996.349609375,6
2023-09-12,1,1,0.5895326,19993.19921875,6
2023-09-13,1,1,0.5994527,20070.0,6
2023-09-14,1,1,0.63895595,20103.099609375,6
2023-09-15,0,1,0.64458996,20192.349609375,6
2023-09-18,0,1,0.60217154,20133.30078125,6
2023-09-20,0,0,0.54306334,19901.400390625,6
2023-09-21,0,0,0.5470145,19742.349609375,6
2023-09-22,1,1,0.5578278,19674.25,6
2023-09-25,0,0,0.54633963,19674.55078125,6
2023-09-26,1,0,0.5215565,19664.69921875,6
2023-09-27,0,0,0.5294416,19716.44921875,6
2023-09-28,1,0,0.5019954,19523.55078125,6
2023-09-29,0,0,0.540479,19638.30078125,6
2023-10-03,0,0,0.461278,19528.75,6
2023-10-04,1,0,0.46336827,19436.099609375,6
2023-10-05,1,1,0.55069524,19545.75,6
2023-10-06,0,1,0.5669377,19653.5,6
2023-10-09,1,0,0.4491363,19512.349609375,6
2023-10-10,1,1,0.57105386,19689.849609375,6
2023-10-11,0,1,0.60584366,19811.349609375,6
2023-10-12,0,1,0.55548537,19794.0,6
2023-10-13,0,0,0.51367694,19751.05078125,6
2023-10-16,1,0,0.5246477,19731.75,6
2023-10-17,0,1,0.63424367,19811.5,6
2023-10-18,0,0,0.53529197,19671.099609375,6
2023-10-19,0,0,0.5361216,19624.69921875,6
2023-10-20,0,0,0.49966252,19542.650390625,6
2023-10-23,0,0,0.45028153,19281.75,6
2023-10-25,0,0,0.48255417,19122.150390625,6
2023-10-26,1,0,0.45003232,18857.25,6
2023-10-27,1,0,0.50554013,19047.25,6
2023-10-30,0,0,0.47262836,19140.900390625,6
2023-10-31,0,0,0.46041507,19079.599609375,6
2023-11-01,1,0,0.4388145,18989.150390625,6
2023-11-02,1,1,0.56252223,19133.25,6
2023-11-03,1,0,0.5484571,19230.599609375,6
2023-11-06,0,0,0.5462541,19411.75,6
2023-11-07,1,1,0.5606941,19406.69921875,6
2023-11-08,0,1,0.6216659,19443.5,6
2023-11-09,1,1,0.56709653,19395.30078125,6
2023-11-10,1,1,0.5602489,19425.349609375,6
2023-11-13,1,1,0.6013617,19443.55078125,6
2023-11-15,1,1,0.6001479,19675.44921875,6
2023-11-16,0,1,0.5633613,19765.19921875,6
2023-11-17,0,0,0.5390467,19731.80078125,6
2023-11-20,1,1,0.55584663,19694.0,6
2023-11-21,1,1,0.602753,19783.400390625,6
2023-11-22,0,1,0.60676867,19811.849609375,6
2023-11-23,0,1,0.6291045,19802.0,6
2023-11-24,1,1,0.63189155,19794.69921875,6
2023-09-25,0,1,0.579159,19674.55078125,7
2023-09-26,1,1,0.55534357,19664.69921875,7
2023-09-27,0,1,0.55472887,19716.44921875,7
2023-09-28,1,0,0.51968086,19523.55078125,7
2023-09-29,0,1,0.57062376,19638.30078125,7
2023-10-03,0,0,0.4798919,19528.75,7
2023-10-04,1,0,0.4728105,19436.099609375,7
2023-10-05,1,1,0.57411677,19545.75,7
2023-10-06,0,1,0.59710604,19653.5,7
2023-10-09,1,0,0.44333804,19512.349609375,7
2023-10-10,1,1,0.57660925,19689.849609375,7
2023-10-11,0,1,0.6173932,19811.349609375,7
2023-10-12,0,1,0.56327087,19794.0,7
2023-10-13,0,0,0.5001127,19751.05078125,7
2023-10-16,1,0,0.53575903,19731.75,7
2023-10-17,0,1,0.6476405,19811.5,7
2023-10-18,0,0,0.52824044,19671.099609375,7
2023-10-19,0,0,0.5463467,19624.69921875,7
2023-10-20,0,0,0.50787795,19542.650390625,7
2023-10-23,0,0,0.43775383,19281.75,7
2023-10-25,0,0,0.49177688,19122.150390625,7
2023-10-26,1,0,0.4617875,18857.25,7
2023-10-27,1,0,0.51624954,19047.25,7
2023-10-30,0,0,0.49719062,19140.900390625,7
2023-10-31,0,0,0.4577807,19079.599609375,7
2023-11-01,1,0,0.43851748,18989.150390625,7
2023-11-02,1,1,0.5824894,19133.25,7
2023-11-03,1,1,0.5577799,19230.599609375,7
2023-11-06,0,1,0.5520729,19411.75,7
2023-11-07,1,1,0.57217616,19406.69921875,7
2023-11-08,0,1,0.6286161,19443.5,7
2023-11-09,1,1,0.5707399,19395.30078125,7
2023-11-10,1,1,0.560191,19425.349609375,7
2023-11-13,1,1,0.6086787,19443.55078125,7
2023-11-15,1,1,0.6117638,19675.44921875,7
2023-11-16,0,1,0.59177935,19765.19921875,7
2023-11-17,0,0,0.5339677,19731.80078125,7
2023-11-20,1,1,0.56074667,19694.0,7
2023-11-21,1,1,0.60138375,19783.400390625,7
2023-11-22,0,1,0.6112688,19811.849609375,7
2023-11-23,0,1,0.62203074,19802.0,7
2023-11-24,1,1,0.632694,19794.69921875,7
2023-11-28,1,1,0.64863217,19889.69921875,7
2023-11-29,1,1,0.6529582,20096.599609375,7
2023-11-30,1,1,0.63411623,20133.150390625,7
2023-12-01,1,1,0.6613188,20267.900390625,7
2023-12-04,1,1,0.6074613,20686.80078125,7
2023-12-05,1,1,0.62846184,20855.099609375,7
2023-12-06,0,1,0.59558046,20937.69921875,7
2023-12-07,1,1,0.5550207,20901.150390625,7
2023-12-08,1,1,0.6005205,20969.400390625,7
2023-12-11,0,1,0.6201876,20997.099609375,7
2023-12-12,1,1,0.6118829,20906.400390625,7
2023-12-13,1,1,0.6456168,20926.349609375,7
2023-12-14,1,1,0.6303521,21182.69921875,7
2023-12-15,0,1,0.57526326,21456.650390625,7
2023-12-18,1,0,0.51264805,21418.650390625,7
2023-12-19,0,1,0.59415525,21453.099609375,7
2023-12-20,1,0,0.5022847,21150.150390625,7
2023-12-21,1,0,0.52890116,21255.05078125,7
2023-12-22,1,1,0.57523686,21349.400390625,7
2023-12-26,1,1,0.5702921,21441.349609375,7
2023-12-27,1,1,0.57728136,21654.75,7
2023-10-26,1,0,0.43783253,18857.25,8
2023-10-27,1,0,0.4843202,19047.25,8
2023-10-30,0,0,0.46128094,19140.900390625,8
2023-10-31,0,0,0.45208743,19079.599609375,8
2023-11-01,1,0,0.43764767,18989.150390625,8
2023-11-02,1,1,0.5601432,19133.25,8
2023-11-03,1,0,0.5296734,19230.599609375,8
2023-11-06,0,0,0.53364563,19411.75,8
2023-11-07,1,1,0.5580867,19406.69921875,8
2023-11-08,0,1,0.6102773,19443.5,8
2023-11-09,1,0,0.53747743,19395.30078125,8
2023-11-10,1,0,0.5308801,19425.349609375,8
2023-11-13,1,1,0.57552683,19443.55078125,8
2023-11-15,1,1,0.60083765,19675.44921875,8
2023-11-16,0,1,0.58315575,19765.19921875,8
2023-11-17,0,0,0.52699554,19731.80078125,8
2023-11-20,1,0,0.544113,19694.0,8
2023-11-21,1,1,0.5899146,19783.400390625,8
2023-11-22,0,1,0.5735313,19811.849609375,8
2023-11-23,0,1,0.5818195,19802.0,8
2023-11-24,1,1,0.61731786,19794.69921875,8
2023-11-28,1,1,0.6421644,19889.69921875,8
2023-11-29,1,1,0.64896196,20096.599609375,8
2023-11-30,1,1,0.6318195,20133.150390625,8
2023-12-01,1,1,0.6564815,20267.900390625,8
2023-12-04,1,1,0.6163124,20686.80078125,8
2023-12-05,1,1,0.6276304,20855.099609375,8
2023-12-06,0,1,0.61224174,20937.69921875,8
2023-12-07,1,1,0.5681923,20901.150390625,8
2023-12-08,1,1,0.6092032,20969.400390625,8
2023-12-11,0,1,0.62473965,20997.099609375,8
2023-12-12,1,1,0.6026608,20906.400390625,8
2023-12-13,1,1,0.6283795,20926.349609375,8
2023-12-14,1,1,0.6350608,21182.69921875,8
2023-12-15,0,1,0.5767855,21456.650390625,8
2023-12-18,1,0,0.51751107,21418.650390625,8
2023-12-19,0,1,0.58978254,21453.099609375,8
2023-12-20,1,0,0.50584865,21150.150390625,8
2023-12-21,1,0,0.52456576,21255.05078125,8
2023-12-22,1,1,0.57414305,21349.400390625,8
2023-12-26,1,1,0.5645137,21441.349609375,8
2023-12-27,1,1,0.56777966,21654.75,8
2023-12-28,0,1,0.6257947,21778.69921875,8
2023-12-29,1,0,0.54555213,21731.400390625,8
2024-01-01,0,1,0.589555,21741.900390625,8
2024-01-02,0,0,0.52417076,21665.80078125,8
2024-01-03,1,1,0.55818784,21517.349609375,8
2024-01-04,1,1,0.637672,21658.599609375,8
2024-01-05,0,1,0.6154542,21710.80078125,8
2024-01-08,1,0,0.50228816,21513.0,8
2024-01-09,1,1,0.55626327,21544.849609375,8
2024-01-10,1,1,0.56569403,21618.69921875,8
2024-01-11,1,1,0.56798965,21647.19921875,8
2024-01-12,1,1,0.558298,21894.55078125,8
2024-01-15,0,1,0.60145164,22097.44921875,8
2024-01-16,0,0,0.5031405,22032.30078125,8
2024-01-17,0,0,0.39964363,21571.94921875,8
2024-01-18,1,0,0.3891935,21462.25,8
2024-01-19,0,0,0.49960217,21622.400390625,8
2024-01-23,1,0,0.41773295,21238.80078125,8
2024-01-24,0,0,0.42785713,21453.94921875,8
2024-01-25,1,0,0.4304378,21352.599609375,8
2024-01-29,0,0,0.49082875,21737.599609375,8
2023-11-28,1,1,0.63944596,19889.69921875,9
2023-11-29,1,1,0.65577006,20096.599609375,9
2023-11-30,1,1,0.62290174,20133.150390625,9
2023-12-01,1,1,0.65943897,20267.900390625,9
2023-12-04,1,1,0.6148072,20686.80078125,9
2023-12-05,1,1,0.6342702,20855.099609375,9
2023-12-06,0,1,0.59784335,20937.69921875,9
2023-12-07,1,1,0.5948366,20901.150390625,9
2023-12-08,1,1,0.6133059,20969.400390625,9
2023-12-11,0,1,0.63029784,20997.099609375,9
2023-12-12,1,1,0.59310025,20906.400390625,9
2023-12-13,1,1,0.6272108,20926.349609375,9
2023-12-14,1,1,0.6426221,21182.69921875,9
2023-12-15,0,1,0.55848455,21456.650390625,9
2023-12-18,1,0,0.5053361,21418.650390625,9
2023-12-19,0,1,0.5819135,21453.099609375,9
2023-12-20,1,0,0.4933484,21150.150390625,9
2023-12-21,1,0,0.5104603,21255.05078125,9
2023-12-22,1,0,0.54140806,21349.400390625,9
2023-12-26,1,1,0.5561193,21441.349609375,9
2023-12-27,1,1,0.56643385,21654.75,9
2023-12-28,0,1,0.6177841,21778.69921875,9
2023-12-29,1,0,0.52762127,21731.400390625,9
2024-01-01,0,1,0.58078015,21741.900390625,9
2024-01-02,0,0,0.5175456,21665.80078125,9
2024-01-03,1,1,0.5517625,21517.349609375,9
2024-01-04,1,1,0.6377042,21658.599609375,9
2024-01-05,0,1,0.5972563,21710.80078125,9
2024-01-08,1,0,0.4663906,21513.0,9
2024-01-09,1,0,0.51392514,21544.849609375,9
2024-01-10,1,1,0.5551242,21618.69921875,9
2024-01-11,1,1,0.56459165,21647.19921875,9
2024-01-12,1,0,0.54568607,21894.55078125,9
2024-01-15,0,1,0.6093061,22097.44921875,9
2024-01-16,0,0,0.5338491,22032.30078125,9
2024-01-17,0,0,0.37506175,21571.94921875,9
2024-01-18,1,0,0.37655863,21462.25,9
2024-01-19,0,0,0.4867722,21622.400390625,9
2024-01-23,1,0,0.41708308,21238.80078125,9
2024-01-24,0,0,0.41361704,21453.94921875,9
2024-01-25,1,0,0.4295105,21352.599609375,9
2024-01-29,0,0,0.47403967,21737.599609375,9
2024-01-30,1,0,0.43218282,21522.099609375,9
2024-01-31,0,0,0.46585664,21725.69921875,9
2024-02-01,1,0,0.4938796,21697.44921875,9
2024-02-02,0,0,0.48484433,21853.80078125,9
2024-02-05,1,0,0.46146223,21771.69921875,9
2024-02-06,1,0,0.5258634,21929.400390625,9
2024-02-07,0,1,0.57306236,21930.5,9
2024-02-08,1,0,0.4404947,21717.94921875,9
2024-02-09,0,0,0.5485685,21782.5,9
2024-02-12,1,0,0.40582472,21616.05078125,9
2024-02-13,1,0,0.5444376,21743.25,9
2024-02-14,1,0,0.48210102,21840.05078125,9
2024-02-15,1,1,0.60729486,21910.75,9
2024-02-16,1,1,0.5741887,22040.69921875,9
2024-02-19,1,1,0.6300323,22122.25,9
2024-02-20,0,1,0.5790819,22196.94921875,9
2024-02-21,1,1,0.5608838,22055.05078125,9
2024-02-22,0,1,0.5804283,22217.44921875,9
2024-02-23,0,1,0.58858955,22212.69921875,9
2024-02-26,1,0,0.47403523,22122.05078125,9
2024-02-27,0,1,0.5716671,22198.349609375,9
2023-12-28,0,1,0.6697995,21778.69921875,10
2023-12-29,1,1,0.5846951,21731.400390625,10
2024-01-01,0,1,0.6118974,21741.900390625,10
2024-01-02,0,1,0.56117815,21665.80078125,10
2024-01-03,1,1,0.59288365,21517.349609375,10
2024-01-04,1,1,0.6724333,21658.599609375,10
2024-01-05,0,1,0.6069247,21710.80078125,10
2024-01-08,1,0,0.4652727,21513.0,10
2024-01-09,1,0,0.504274,21544.849609375,10
2024-01-10,1,1,0.56051844,21618.69921875,10
2024-01-11,1,1,0.5568595,21647.19921875,10
2024-01-12,1,1,0.5621144,21894.55078125,10
2024-01-15,0,1,0.6389831,22097.44921875,10
2024-01-16,0,1,0.5743804,22032.30078125,10
2024-01-17,0,0,0.3900631,21571.94921875,10
2024-01-18,1,0,0.39472398,21462.25,10
2024-01-19,0,0,0.51555175,21622.400390625,10
2024-01-23,1,0,0.44025907,21238.80078125,10
2024-01-24,0,0,0.4144371,21453.94921875,10
2024-01-25,1,0,0.42388844,21352.599609375,10
2024-01-29,0,0,0.49014288,21737.599609375,10
2024-01-30,1,0,0.44860142,21522.099609375,10
2024-01-31,0,0,0.47930193,21725.69921875,10
2024-02-01,1,0,0.5026708,21697.44921875,10
2024-02-02,0,0,0.4995654,21853.80078125,10
2024-02-05,1,0,0.48863828,21771.69921875,10
2024-02-06,1,0,0.5309676,21929.400390625,10
2024-02-07,0,1,0.5763141,21930.5,10
2024-02-08,1,0,0.4520112,21717.94921875,10
2024-02-09,0,1,0.5755775,21782.5,10
2024-02-12,1,0,0.40054232,21616.05078125,10
2024-02-13,1,1,0.5692815,21743.25,10
2024-02-14,1,0,0.49943754,21840.05078125,10
2024-02-15,1,1,0.6148604,21910.75,10
2024-02-16,1,1,0.5649487,22040.69921875,10
2024-02-19,1,1,0.6207528,22122.25,10
2024-02-20,0,1,0.5874536,22196.94921875,10
2024-02-21,1,1,0.586657,22055.05078125,10
2024-02-22,0,1,0.58751917,22217.44921875,10
2024-02-23,0,1,0.59105265,22212.69921875,10
2024-02-26,1,0,0.4867014,22122.05078125,10
2024-02-27,0,1,0.5639354,22198.349609375,10
2024-02-28,1,0,0.46982116,21951.150390625,10
2024-02-29,1,1,0.5539763,21982.80078125,10
2024-03-01,1,1,0.5893739,22338.75,10
2024-03-04,0,1,0.6148564,22405.599609375,10
2024-03-05,1,1,0.55029744,22356.30078125,10
2024-03-06,1,1,0.6011975,22474.05078125,10
2024-03-07,0,1,0.5818372,22493.55078125,10
2024-03-11,1,0,0.5034099,22332.650390625,10
2024-03-12,0,1,0.5682175,22335.69921875,10
2024-03-13,1,0,0.4659198,21997.69921875,10
2024-03-14,0,0,0.50536877,22146.650390625,10
2024-03-15,1,0,0.46140796,22023.349609375,10
2024-03-18,0,0,0.44764715,22055.69921875,10
2024-03-19,1,0,0.43515515,21817.44921875,10
2024-03-20,1,0,0.49598533,21839.099609375,10
2024-03-21,1,1,0.56656754,22011.94921875,10
2024-03-22,0,0,0.49876708,22096.75,10
2024-03-26,1,0,0.46421498,22004.69921875,10
2024-03-27,1,1,0.59363985,22123.650390625,10
2024-03-28,1,1,0.59743387,22326.900390625,10
2024-04-01,0,1,0.62685394,22462.0,10
2024-01-30,1,0,0.45470288,21522.099609375,11
2024-01-31,0,0,0.46093452,21725.69921875,11
2024-02-01,1,0,0.47764573,21697.44921875,11
2024-02-02,0,0,0.45213386,21853.80078125,11
2024-02-05,1,0,0.47200564,21771.69921875,11
2024-02-06,1,0,0.48976198,21929.400390625,11
2024-02-07,0,1,0.56217515,21930.5,11
2024-02-08,1,0,0.43989685,21717.94921875,11
2024-02-09,0,1,0.55104274,21782.5,11
2024-02-12,1,0,0.4032871,21616.05078125,11
2024-02-13,1,0,0.54910487,21743.25,11
2024-02-14,1,0,0.48486686,21840.05078125,11
2024-02-15,1,1,0.58934367,21910.75,11
2024-02-16,1,0,0.53032386,22040.69921875,11
2024-02-19,1,1,0.6049429,22122.25,11
2024-02-20,0,1,0.5689283,22196.94921875,11
2024-02-21,1,1,0.57527524,22055.05078125,11
2024-02-22,0,1,0.5540666,22217.44921875,11
2024-02-23,0,1,0.59250736,22212.69921875,11
2024-02-26,1,0,0.47602707,22122.05078125,11
2024-02-27,0,1,0.5634584,22198.349609375,11
2024-02-28,1,0,0.47668764,21951.150390625,11
2024-02-29,1,0,0.53787994,21982.80078125,11
2024-03-01,1,1,0.57139385,22338.75,11
2024-03-04,0,1,0.5907812,22405.599609375,11
2024-03-05,1,1,0.5595433,22356.30078125,11
2024-03-06,1,1,0.61286896,22474.05078125,11
2024-03-07,0,1,0.5766955,22493.55078125,11
2024-03-11,1,0,0.53039044,22332.650390625,11
2024-03-12,0,1,0.6038367,22335.69921875,11
2024-03-13,1,0,0.5062307,21997.69921875,11
2024-03-14,0,0,0.51407856,22146.650390625,11
2024-03-15,1,0,0.47667497,22023.349609375,11
2024-03-18,0,0,0.46693215,22055.69921875,11
2024-03-19,1,0,0.45171794,21817.44921875,11
2024-03-20,1,0,0.5437282,21839.099609375,11
2024-03-21,1,1,0.59182614,22011.94921875,11
2024-03-22,0,0,0.5242206,22096.75,11
2024-03-26,1,0,0.5016757,22004.69921875,11
2024-03-27,1,1,0.59835374,22123.650390625,11
2024-03-28,1,1,0.58273166,22326.900390625,11
2024-04-01,0,1,0.6028062,22462.0,11
2024-04-02,0,0,0.5428113,22453.30078125,11
2024-04-03,1,1,0.55552775,22434.650390625,11
2024-04-04,0,1,0.63483626,22514.650390625,11
2024-04-05,1,1,0.59512293,22513.69921875,11
2024-04-08,0,1,0.5658905,22666.30078125,11
2024-04-09,1,1,0.58330184,22642.75,11
2024-04-10,0,1,0.5877871,22753.80078125,11
2024-04-12,0,0,0.49712792,22519.400390625,11
2024-04-15,0,0,0.43719572,22272.5,11
2024-04-16,0,0,0.4581336,22147.900390625,11
2024-04-18,1,0,0.47989497,21995.849609375,11
2024-04-19,1,0,0.5116768,22147.0,11
2024-04-22,1,0,0.51611865,22336.400390625,11
2024-04-23,1,0,0.54441875,22368.0,11
2024-04-24,1,1,0.5659638,22402.400390625,11
2024-04-25,0,0,0.5329909,22570.349609375,11
2024-04-26,1,0,0.51928174,22419.94921875,11
2024-04-29,0,1,0.6014125,22643.400390625,11
2024-04-30,1,0,0.5439827,22604.849609375,11
2024-05-02,0,0,0.49452934,22648.19921875,11
2024-05-03,0,0,0.526852,22475.849609375,11
2024-02-28,1,0,0.5190763,21951.150390625,12
2024-02-29,1,0,0.5459854,21982.80078125,12
2024-03-01,1,1,0.56893694,22338.75,12
2024-03-04,0,1,0.5895858,22405.599609375,12
2024-03-05,1,0,0.5485007,22356.30078125,12
2024-03-06,1,1,0.5902581,22474.05078125,12
2024-03-07,0,1,0.57861066,22493.55078125,12
2024-03-11,1,1,0.561238,22332.650390625,12
2024-03-12,0,1,0.59496653,22335.69921875,12
2024-03-13,1,0,0.5191501,21997.69921875,12
2024-03-14,0,0,0.50300086,22146.650390625,12
2024-03-15,1,0,0.47768232,22023.349609375,12
2024-03-18,0,0,0.446131,22055.69921875,12
2024-03-19,1,0,0.4384545,21817.44921875,12
2024-03-20,1,0,0.5462044,21839.099609375,12
2024-03-21,1,1,0.59213084,22011.94921875,12
2024-03-22,0,0,0.5157487,22096.75,12
2024-03-26,1,0,0.49142247,22004.69921875,12
2024-03-27,1,1,0.5886779,22123.650390625,12
2024-03-28,1,1,0.5699375,22326.900390625,12
2024-04-01,0,1,0.5937877,22462.0,12
2024-04-02,0,0,0.5299777,22453.30078125,12
2024-04-03,1,0,0.54431885,22434.650390625,12
2024-04-04,0,1,0.6316449,22514.650390625,12
2024-04-05,1,1,0.580017,22513.69921875,12
2024-04-08,0,1,0.5642743,22666.30078125,12
2024-04-09,1,1,0.58116484,22642.75,12
2024-04-10,0,1,0.5838021,22753.80078125,12
2024-04-12,0,0,0.50193644,22519.400390625,12
2024-04-15,0,0,0.4572628,22272.5,12
2024-04-16,0,0,0.47342232,22147.900390625,12
2024-04-18,1,0,0.50794876,21995.849609375,12
2024-04-19,1,0,0.5091213,22147.0,12
2024-04-22,1,0,0.5050457,22336.400390625,12
2024-04-23,1,1,0.5569502,22368.0,12
2024-04-24,1,1,0.5926797,22402.400390625,12
2024-04-25,0,0,0.5326264,22570.349609375,12
2024-04-26,1,1,0.5503022,22419.94921875,12
2024-04-29,0,1,0.6214208,22643.400390625,12
2024-04-30,1,1,0.5769693,22604.849609375,12
2024-05-02,0,0,0.48700655,22648.19921875,12
2024-05-03,0,1,0.5590086,22475.849609375,12
2024-05-06,0,1,0.57464206,22442.69921875,12
2024-05-07,0,0,0.5144331,22302.5,12
2024-05-08,0,0,0.47542033,22302.5,12
2024-05-09,1,0,0.4845576,21957.5,12
2024-05-10,1,0,0.49712756,22055.19921875,12
2024-05-13,1,0,0.47948614,22104.05078125,12
2024-05-14,0,0,0.47509113,22217.849609375,12
2024-05-15,1,0,0.48715892,22200.55078125,12
2024-05-16,1,0,0.5207142,22403.849609375,12
2024-05-17,1,1,0.55603486,22466.099609375,12
2024-05-21,1,0,0.47086105,22529.05078125,12
2024-05-22,1,0,0.54853517,22597.80078125,12
2024-05-23,0,1,0.59498036,22967.650390625,12
2024-05-24,0,1,0.5527148,22957.099609375,12
2024-05-27,0,1,0.58217883,22932.44921875,12
2024-05-28,0,1,0.5547468,22888.150390625,12
2024-05-29,0,0,0.45298323,22704.69921875,12
2024-05-30,1,1,0.56357425,22488.650390625,12
2024-05-31,1,1,0.6163277,22530.69921875,12
2024-06-03,0,1,0.60510284,23263.900390625,12
2024-06-04,1,0,0.36976796,21884.5,12
2024-04-02,0,0,0.5334099,22453.30078125,13
2024-04-03,1,1,0.55996305,22434.650390625,13
2024-04-04,0,1,0.6455427,22514.650390625,13
2024-04-05,1,1,0.5874192,22513.69921875,13
2024-04-08,0,1,0.5607763,22666.30078125,13
2024-04-09,1,1,0.59217554,22642.75,13
2024-04-10,0,1,0.5798635,22753.80078125,13
2024-04-12,0,0,0.5386103,22519.400390625,13
2024-04-15,0,0,0.47588167,22272.5,13
2024-04-16,0,0,0.5034403,22147.900390625,13
2024-04-18,1,0,0.5276263,21995.849609375,13
2024-04-19,1,0,0.54027903,22147.0,13
2024-04-22,1,0,0.50698817,22336.400390625,13
2024-04-23,1,0,0.5453634,22368.0,13
2024-04-24,1,1,0.58930093,22402.400390625,13
2024-04-25,0,1,0.5534229,22570.349609375,13
2024-04-26,1,1,0.5746198,22419.94921875,13
2024-04-29,0,1,0.63889015,22643.400390625,13
2024-04-30,1,1,0.5859546,22604.849609375,13
2024-05-02,0,0,0.49680242,22648.19921875,13
2024-05-03,0,1,0.5761754,22475.849609375,13
2024-05-06,0,1,0.5912085,22442.69921875,13
2024-05-07,0,0,0.5325253,22302.5,13
2024-05-08,0,0,0.4755416,22302.5,13
2024-05-09,1,0,0.5248877,21957.5,13
2024-05-10,1,0,0.49653018,22055.19921875,13
2024-05-13,1,0,0.5063847,22104.05078125,13
2024-05-14,0,0,0.47149187,22217.849609375,13
2024-05-15,1,0,0.48008633,22200.55078125,13
2024-05-16,1,0,0.53980273,22403.849609375,13
2024-05-17,1,1,0.5506356,22466.099609375,13
2024-05-21,1,0,0.48149025,22529.05078125,13
2024-05-22,1,1,0.5512398,22597.80078125,13
2024-05-23,0,1,0.6184994,22967.650390625,13
2024-05-24,0,1,0.56246895,22957.099609375,13
2024-05-27,0,1,0.5978666,22932.44921875,13
2024-05-28,0,1,0.5572282,22888.150390625,13
2024-05-29,0,0,0.45430613,22704.69921875,13
2024-05-30,1,1,0.5893196,22488.650390625,13
2024-05-31,1,1,0.63429517,22530.69921875,13
2024-06-03,0,1,0.60161597,23263.900390625,13
2024-06-04,1,0,0.36708117,21884.5,13
2024-06-05,1,1,0.5568796,22620.349609375,13
2024-06-06,1,0,0.46840966,22821.400390625,13
2024-06-07,0,0,0.4983504,23290.150390625,13
2024-06-10,1,0,0.54261863,23259.19921875,13
2024-06-11,1,0,0.51069444,23264.849609375,13
2024-06-12,1,1,0.5580494,23322.94921875,13
2024-06-13,1,0,0.49723,23398.900390625,13
2024-06-14,1,1,0.5897368,23465.599609375,13
2024-06-18,0,1,0.60486573,23557.900390625,13
2024-06-19,1,1,0.59043723,23516.0,13
2024-06-20,0,1,0.61527437,23567.0,13
2024-06-21,1,0,0.50245714,23501.099609375,13
2024-06-24,1,0,0.4547023,23537.849609375,13
2024-06-25,1,1,0.57961303,23721.30078125,13
2024-06-26,1,0,0.5323937,23868.80078125,13
2024-06-27,0,0,0.5022524,24044.5,13
2024-06-28,1,0,0.4986546,24010.599609375,13
2024-07-01,0,0,0.532461,24141.94921875,13
2024-07-02,1,0,0.5093203,24123.849609375,13
2024-07-03,1,1,0.6242902,24286.5,13
2024-07-04,1,1,0.61398625,24302.150390625,13
2024-05-06,0,1,0.57342863,22442.69921875,14
2024-05-07,0,0,0.51445466,22302.5,14
2024-05-08,0,0,0.44978648,22302.5,14
2024-05-09,1,0,0.51947,21957.5,14
2024-05-10,1,0,0.50823563,22055.19921875,14
2024-05-13,1,0,0.5272862,22104.05078125,14
2024-05-14,0,0,0.48800915,22217.849609375,14
2024-05-15,1,0,0.5103208,22200.55078125,14
2024-05-16,1,0,0.5445383,22403.849609375,14
2024-05-17,1,0,0.5437159,22466.099609375,14
2024-05-21,1,0,0.4513283,22529.05078125,14
2024-05-22,1,0,0.52875346,22597.80078125,14
2024-05-23,0,1,0.6045248,22967.650390625,14
2024-05-24,0,1,0.55954546,22957.099609375,14
2024-05-27,0,1,0.58950263,22932.44921875,14
2024-05-28,0,0,0.54995435,22888.150390625,14
2024-05-29,0,0,0.42355934,22704.69921875,14
2024-05-30,1,1,0.5649956,22488.650390625,14
2024-05-31,1,1,0.62042254,22530.69921875,14
2024-06-03,0,1,0.5912142,23263.900390625,14
2024-06-04,1,0,0.36626294,21884.5,14
2024-06-05,1,1,0.5571071,22620.349609375,14
2024-06-06,1,0,0.48073822,22821.400390625,14
2024-06-07,0,0,0.5004961,23290.150390625,14
2024-06-10,1,1,0.57562155,23259.19921875,14
2024-06-11,1,0,0.5316665,23264.849609375,14
2024-06-12,1,1,0.56432116,23322.94921875,14
2024-06-13,1,0,0.50092965,23398.900390625,14
2024-06-14,1,1,0.61000115,23465.599609375,14
2024-06-18,0,1,0.6168785,23557.900390625,14
2024-06-19,1,1,0.6205599,23516.0,14
2024-06-20,0,1,0.63140833,23567.0,14
2024-06-21,1,0,0.49931762,23501.099609375,14
2024-06-24,1,0,0.43502325,23537.849609375,14
2024-06-25,1,1,0.5821112,23721.30078125,14
2024-06-26,1,0,0.53248775,23868.80078125,14
2024-06-27,0,0,0.49525076,24044.5,14
2024-06-28,1,0,0.51175517,24010.599609375,14
2024-07-01,0,0,0.5292783,24141.94921875,14
2024-07-02,1,0,0.49508435,24123.849609375,14
2024-07-03,1,1,0.6294919,24286.5,14
2024-07-04,1,1,0.6355663,24302.150390625,14
2024-07-05,0,1,0.55388933,24323.849609375,14
2024-07-08,1,0,0.54706806,24320.55078125,14
2024-07-09,0,1,0.63712007,24433.19921875,14
2024-07-10,0,1,0.6150544,24324.44921875,14
2024-07-11,1,1,0.6435074,24315.94921875,14
2024-07-12,1,1,0.5831029,24502.150390625,14
2024-07-15,1,1,0.62499976,24586.69921875,14
2024-07-16,1,1,0.6210461,24613.0,14
2024-07-18,0,1,0.553738,24800.849609375,14
2024-07-19,0,1,0.6366313,24530.900390625,14
2024-07-22,0,1,0.5844059,24509.25,14
2024-07-23,0,1,0.5963541,24479.05078125,14
2024-07-24,0,0,0.54616314,24413.5,14
2024-07-25,1,0,0.52009404,24406.099609375,14
2024-07-26,1,1,0.5631605,24834.849609375,14
2024-07-29,1,1,0.6219895,24836.099609375,14
2024-07-30,1,1,0.5829239,24857.30078125,14
2024-07-31,1,1,0.5848746,24951.150390625,14
2024-08-01,0,1,0.56854266,25010.900390625,14
2024-08-02,0,0,0.52738446,24717.69921875,14
2024-08-05,0,0,0.42951605,24055.599609375,14
2024-06-05,1,1,0.55118805,22620.349609375,15
2024-06-06,1,0,0.47884452,22821.400390625,15
2024-06-07,0,0,0.47760454,23290.150390625,15
2024-06-10,1,1,0.57009995,23259.19921875,15
2024-06-11,1,0,0.5122963,23264.849609375,15
2024-06-12,1,1,0.55824715,23322.94921875,15
2024-06-13,1,0,0.5134166,23398.900390625,15
2024-06-14,1,1,0.6228361,23465.599609375,15
2024-06-18,0,1,0.6169707,23557.900390625,15
2024-06-19,1,1,0.60390043,23516.0,15
2024-06-20,0,1,0.6357686,23567.0,15
2024-06-21,1,0,0.49335396,23501.099609375,15
2024-06-24,1,0,0.44828594,23537.849609375,15
2024-06-25,1,1,0.5735226,23721.30078125,15
2024-06-26,1,0,0.52564216,23868.80078125,15
2024-06-27,0,0,0.49657515,24044.5,15
2024-06-28,1,0,0.49983317,24010.599609375,15
2024-07-01,0,0,0.5312685,24141.94921875,15
2024-07-02,1,0,0.48634443,24123.849609375,15
2024-07-03,1,1,0.6344272,24286.5,15
2024-07-04,1,1,0.6331578,24302.150390625,15
2024-07-05,0,1,0.55640835,24323.849609375,15
2024-07-08,1,0,0.54438066,24320.55078125,15
2024-07-09,0,1,0.64144677,24433.19921875,15
2024-07-10,0,1,0.62165946,24324.44921875,15
2024-07-11,1,1,0.64555126,24315.94921875,15
2024-07-12,1,1,0.58792377,24502.150390625,15
2024-07-15,1,1,0.6383929,24586.69921875,15
2024-07-16,1,1,0.6281104,24613.0,15
2024-07-18,0,1,0.5739884,24800.849609375,15
2024-07-19,0,1,0.6309056,24530.900390625,15
2024-07-22,0,1,0.591028,24509.25,15
2024-07-23,0,1,0.58043605,24479.05078125,15
2024-07-24,0,0,0.53614503,24413.5,15
2024-07-25,1,0,0.5157751,24406.099609375,15
2024-07-26,1,1,0.5533667,24834.849609375,15
2024-07-29,1,1,0.6079129,24836.099609375,15
2024-07-30,1,1,0.56187075,24857.30078125,15
2024-07-31,1,1,0.58284587,24951.150390625,15
2024-08-01,0,1,0.5725281,25010.900390625,15
2024-08-02,0,0,0.5473618,24717.69921875,15
2024-08-05,0,0,0.4552845,24055.599609375,15
2024-08-06,1,0,0.43383753,23992.55078125,15
2024-08-07,0,0,0.45954096,24297.5,15
2024-08-08,1,0,0.48759988,24117.0,15
2024-08-09,0,0,0.46330404,24367.5,15
2024-08-12,0,0,0.4939064,24347.0,15
2024-08-13,1,0,0.44121578,24139.0,15
2024-08-14,1,0,0.5291348,24143.75,15
2024-08-16,1,0,0.53406626,24541.150390625,15
2024-08-19,1,0,0.4979945,24572.650390625,15
2024-08-20,1,1,0.57713425,24698.849609375,15
2024-08-21,1,0,0.46992075,24770.19921875,15
2024-08-22,1,1,0.5916635,24811.5,15
2024-08-23,1,1,0.5564428,24823.150390625,15
2024-08-26,1,0,0.5345979,25010.599609375,15
2024-08-27,1,0,0.5380588,25017.75,15
2024-08-28,1,0,0.49159127,25052.349609375,15
2024-08-29,1,0,0.510169,25151.94921875,15
2024-08-30,1,1,0.5621454,25235.900390625,15
2024-09-02,1,0,0.5412148,25278.69921875,15
2024-09-03,0,1,0.6073565,25279.849609375,15
2024-09-04,0,0,0.54114926,25198.69921875,15
2024-07-05,0,1,0.5629177,24323.849609375,16
2024-07-08,1,1,0.5527525,24320.55078125,16
2024-07-09,0,1,0.656786,24433.19921875,16
2024-07-10,0,1,0.6383187,24324.44921875,16
2024-07-11,1,1,0.6662071,24315.94921875,16
2024-07-12,1,1,0.5963883,24502.150390625,16
2024-07-15,1,1,0.65755564,24586.69921875,16
2024-07-16,1,1,0.6516486,24613.0,16
2024-07-18,0,1,0.58528274,24800.849609375,16
2024-07-19,0,1,0.6334975,24530.900390625,16
2024-07-22,0,1,0.6052159,24509.25,16
2024-07-23,0,1,0.60282964,24479.05078125,16
2024-07-24,0,0,0.537932,24413.5,16
2024-07-25,1,0,0.5231548,24406.099609375,16
2024-07-26,1,1,0.55427855,24834.849609375,16
2024-07-29,1,1,0.65571374,24836.099609375,16
2024-07-30,1,1,0.5746454,24857.30078125,16
2024-07-31,1,1,0.59963804,24951.150390625,16
2024-08-01,0,1,0.57679576,25010.900390625,16
2024-08-02,0,1,0.55059385,24717.69921875,16
2024-08-05,0,0,0.46940064,24055.599609375,16
2024-08-06,1,0,0.46222413,23992.55078125,16
2024-08-07,0,0,0.46694744,24297.5,16
2024-08-08,1,0,0.49238166,24117.0,16
2024-08-09,0,0,0.49568915,24367.5,16
2024-08-12,0,0,0.5278911,24347.0,16
2024-08-13,1,0,0.4459862,24139.0,16
2024-08-14,1,0,0.5441895,24143.75,16
2024-08-16,1,1,0.5529428,24541.150390625,16
2024-08-19,1,0,0.53724664,24572.650390625,16
2024-08-20,1,1,0.60420907,24698.849609375,16
2024-08-21,1,0,0.4556908,24770.19921875,16
2024-08-22,1,1,0.6009574,24811.5,16
2024-08-23,1,1,0.58950275,24823.150390625,16
2024-08-26,1,1,0.5544117,25010.599609375,16
2024-08-27,1,1,0.555388,25017.75,16
2024-08-28,1,0,0.50361395,25052.349609375,16
2024-08-29,1,0,0.51906055,25151.94921875,16
2024-08-30,1,1,0.57608014,25235.900390625,16
2024-09-02,1,1,0.56794286,25278.69921875,16
2024-09-03,0,1,0.62344944,25279.849609375,16
2024-09-04,0,0,0.5473241,25198.69921875,16
2024-09-05,0,1,0.65169454,25145.099609375,16
2024-09-06,1,0,0.475478,24852.150390625,16
2024-09-09,1,1,0.59380823,24936.400390625,16
2024-09-10,0,1,0.6269702,25041.099609375,16
2024-09-11,1,1,0.60413873,24918.44921875,16
2024-09-12,0,1,0.6150933,25388.900390625,16
2024-09-13,1,1,0.63724554,25356.5,16
2024-09-16,1,1,0.6312746,25383.75,16
2024-09-17,0,1,0.6034751,25418.55078125,16
2024-09-18,1,0,0.5170981,25377.55078125,16
2024-09-19,1,1,0.6487655,25415.80078125,16
2024-09-20,1,1,0.5585475,25790.94921875,16
2024-09-23,1,1,0.5683217,25939.05078125,16
2024-09-24,1,0,0.50198334,25940.400390625,16
2024-09-25,1,0,0.54864943,26004.150390625,16
2024-09-26,0,0,0.5470272,26216.05078125,16
2024-09-27,0,1,0.59029025,26178.94921875,16
2024-09-30,0,0,0.52582884,25810.849609375,16
2024-10-01,0,1,0.56639093,25796.900390625,16
2024-10-03,0,0,0.4722642,25250.099609375,16
2024-10-04,0,0,0.4963691,25014.599609375,16
2024-08-06,1,0,0.45528278,23992.55078125,17
2024-08-07,0,0,0.47262916,24297.5,17
2024-08-08,1,0,0.4710394,24117.0,17
2024-08-09,0,0,0.49651882,24367.5,17
2024-08-12,0,0,0.5195749,24347.0,17
2024-08-13,1,0,0.44674572,24139.0,17
2024-08-14,1,0,0.5487926,24143.75,17
2024-08-16,1,1,0.5615994,24541.150390625,17
2024-08-19,1,1,0.5504687,24572.650390625,17
2024-08-20,1,1,0.6121491,24698.849609375,17
2024-08-21,1,0,0.46949974,24770.19921875,17
2024-08-22,1,1,0.603476,24811.5,17
2024-08-23,1,1,0.59416336,24823.150390625,17
2024-08-26,1,1,0.5595371,25010.599609375,17
2024-08-27,1,1,0.5759579,25017.75,17
2024-08-28,1,0,0.5279532,25052.349609375,17
2024-08-29,1,0,0.52772355,25151.94921875,17
2024-08-30,1,1,0.5982156,25235.900390625,17
2024-09-02,1,1,0.58005667,25278.69921875,17
2024-09-03,0,1,0.62575513,25279.849609375,17
2024-09-04,0,0,0.5345396,25198.69921875,17
2024-09-05,0,1,0.6516779,25145.099609375,17
2024-09-06,1,0,0.44871402,24852.150390625,17
2024-09-09,1,1,0.59063697,24936.400390625,17
2024-09-10,0,1,0.62300473,25041.099609375,17
2024-09-11,1,1,0.5858597,24918.44921875,17
2024-09-12,0,1,0.6122981,25388.900390625,17
2024-09-13,1,1,0.6434698,25356.5,17
2024-09-16,1,1,0.6326155,25383.75,17
2024-09-17,0,1,0.5986283,25418.55078125,17
2024-09-18,1,0,0.5206112,25377.55078125,17
2024-09-19,1,1,0.64951175,25415.80078125,17
2024-09-20,1,1,0.56146365,25790.94921875,17
2024-09-23,1,1,0.578583,25939.05078125,17
2024-09-24,1,0,0.49821728,25940.400390625,17
2024-09-25,1,1,0.55208915,26004.150390625,17
2024-09-26,0,1,0.56048656,26216.05078125,17
2024-09-27,0,1,0.58475196,26178.94921875,17
2024-09-30,0,0,0.50111175,25810.849609375,17
2024-10-01,0,1,0.582281,25796.900390625,17
2024-10-03,0,0,0.45386574,25250.099609375,17
2024-10-04,0,0,0.47243795,25014.599609375,17
2024-10-07,1,0,0.4917295,24795.75,17
2024-10-08,0,1,0.5535758,25013.150390625,17
2024-10-09,1,0,0.54366374,24981.94921875,17
2024-10-10,0,1,0.58414125,24998.44921875,17
2024-10-11,1,0,0.5008901,24964.25,17
2024-10-14,0,1,0.6249604,25127.94921875,17
2024-10-15,0,1,0.634814,25057.349609375,17
2024-10-16,0,1,0.5581403,24971.30078125,17
2024-10-17,1,0,0.5217163,24749.849609375,17
2024-10-18,0,0,0.47408223,24854.05078125,17
2024-10-21,0,0,0.54895407,24781.099609375,17
2024-10-22,0,0,0.5134052,24472.099609375,17
2024-10-23,0,0,0.5096952,24435.5,17
2024-10-24,0,0,0.53693396,24399.400390625,17
2024-10-25,1,0,0.4876215,24180.80078125,17
2024-10-28,1,1,0.57938236,24339.150390625,17
2024-10-29,0,0,0.5071713,24466.849609375,17
2024-10-30,0,0,0.4381686,24340.849609375,17
2024-10-31,1,0,0.5247581,24205.349609375,17
2024-11-01,0,0,0.53386927,24304.349609375,17
2024-11-04,1,0,0.52434546,23995.349609375,17
2024-09-05,0,1,0.6459827,25145.099609375,18
2024-09-06,1,0,0.43030947,24852.150390625,18
2024-09-09,1,1,0.57862794,24936.400390625,18
2024-09-10,0,1,0.6240274,25041.099609375,18
2024-09-11,1,1,0.5968758,24918.44921875,18
2024-09-12,0,1,0.6055286,25388.900390625,18
2024-09-13,1,1,0.6415293,25356.5,18
2024-09-16,1,1,0.640122,25383.75,18
2024-09-17,0,1,0.61226183,25418.55078125,18
2024-09-18,1,0,0.5362399,25377.55078125,18
2024-09-19,1,1,0.65451443,25415.80078125,18
2024-09-20,1,1,0.5675803,25790.94921875,18
2024-09-23,1,1,0.56858975,25939.05078125,18
2024-09-24,1,0,0.5143451,25940.400390625,18
2024-09-25,1,0,0.5409002,26004.150390625,18
2024-09-26,0,1,0.5737992,26216.05078125,18
2024-09-27,0,1,0.5988678,26178.94921875,18
2024-09-30,0,0,0.5160336,25810.849609375,18
2024-10-01,0,1,0.6147067,25796.900390625,18
2024-10-03,0,0,0.45348316,25250.099609375,18
2024-10-04,0,0,0.47987553,25014.599609375,18
2024-10-07,1,0,0.49229765,24795.75,18
2024-10-08,0,0,0.5473793,25013.150390625,18
2024-10-09,1,0,0.5407685,24981.94921875,18
2024-10-10,0,1,0.59224033,24998.44921875,18
2024-10-11,1,0,0.5358252,24964.25,18
2024-10-14,0,1,0.64781165,25127.94921875,18
2024-10-15,0,1,0.6438908,25057.349609375,18
2024-10-16,0,1,0.57564926,24971.30078125,18
2024-10-17,1,0,0.54139054,24749.849609375,18
2024-10-18,0,0,0.48326153,24854.05078125,18
2024-10-21,0,1,0.5577257,24781.099609375,18
2024-10-22,0,0,0.53133285,24472.099609375,18
2024-10-23,0,0,0.5064284,24435.5,18
2024-10-24,0,1,0.5575952,24399.400390625,18
2024-10-25,1,0,0.4907437,24180.80078125,18
2024-10-28,1,1,0.5706141,24339.150390625,18
2024-10-29,0,0,0.52686495,24466.849609375,18
2024-10-30,0,0,0.42713818,24340.849609375,18
2024-10-31,1,0,0.5326755,24205.349609375,18
2024-11-01,0,0,0.54355115,24304.349609375,18
2024-11-04,1,0,0.52363276,23995.349609375,18
2024-11-05,1,0,0.47964066,24213.30078125,18
2024-11-06,0,0,0.50175196,24484.05078125,18
2024-11-07,0,0,0.5186492,24199.349609375,18
2024-11-08,0,0,0.5078479,24148.19921875,18
2024-11-11,0,0,0.5198955,24141.30078125,18
2024-11-12,0,1,0.5778572,23883.44921875,18
2024-11-13,0,0,0.4083462,23559.05078125,18
2024-11-14,0,1,0.57455343,23532.69921875,18
2024-11-18,1,1,0.58485264,23453.80078125,18
2024-11-19,0,1,0.57294405,23518.5,18
2024-11-21,1,0,0.5288526,23349.900390625,18
2024-11-22,1,0,0.4653061,23907.25,18
2024-11-25,0,0,0.53316194,24221.900390625,18
2024-11-26,1,0,0.51341325,24194.5,18
2024-11-27,0,1,0.5714475,24274.900390625,18
2024-11-28,1,0,0.50307685,23914.150390625,18
2024-11-29,1,0,0.526134,24131.099609375,18
2024-12-02,1,0,0.47901586,24276.05078125,18
2024-12-03,1,1,0.65498,24457.150390625,18
2024-12-04,1,1,0.57708526,24467.44921875,18
2024-12-05,0,1,0.5958371,24708.400390625,18
2024-10-07,1,0,0.48243484,24795.75,19
2024-10-08,0,0,0.5331566,25013.150390625,19
2024-10-09,1,0,0.52638704,24981.94921875,19
2024-10-10,0,1,0.60423315,24998.44921875,19
2024-10-11,1,0,0.53129107,24964.25,19
2024-10-14,0,1,0.6495376,25127.94921875,19
2024-10-15,0,1,0.64226377,25057.349609375,19
2024-10-16,0,1,0.5783616,24971.30078125,19
2024-10-17,1,0,0.53421867,24749.849609375,19
2024-10-18,0,0,0.49124813,24854.05078125,19
2024-10-21,0,1,0.55461097,24781.099609375,19
2024-10-22,0,0,0.5216535,24472.099609375,19
2024-10-23,0,0,0.48761928,24435.5,19
2024-10-24,0,1,0.5546692,24399.400390625,19
2024-10-25,1,0,0.48290285,24180.80078125,19
2024-10-28,1,1,0.56837887,24339.150390625,19
2024-10-29,0,0,0.541442,24466.849609375,19
2024-10-30,0,0,0.42357594,24340.849609375,19
2024-10-31,1,0,0.53092474,24205.349609375,19
2024-11-01,0,1,0.5728489,24304.349609375,19
2024-11-04,1,0,0.5252933,23995.349609375,19
2024-11-05,1,0,0.4737941,24213.30078125,19
2024-11-06,0,0,0.4936839,24484.05078125,19
2024-11-07,0,0,0.50281817,24199.349609375,19
2024-11-08,0,0,0.5014677,24148.19921875,19
2024-11-11,0,0,0.51536465,24141.30078125,19
2024-11-12,0,0,0.5473303,23883.44921875,19
2024-11-13,0,0,0.40887573,23559.05078125,19
2024-11-14,0,1,0.58323205,23532.69921875,19
2024-11-18,1,1,0.58153707,23453.80078125,19
2024-11-19,0,1,0.5707182,23518.5,19
2024-11-21,1,0,0.52199996,23349.900390625,19
2024-11-22,1,0,0.46406808,23907.25,19
2024-11-25,0,0,0.5414699,24221.900390625,19
2024-11-26,1,0,0.52948445,24194.5,19
2024-11-27,0,1,0.5746981,24274.900390625,19
2024-11-28,1,0,0.5064955,23914.150390625,19
2024-11-29,1,0,0.5222732,24131.099609375,19
2024-12-02,1,0,0.48138028,24276.05078125,19
2024-12-03,1,1,0.6433252,24457.150390625,19
2024-12-04,1,1,0.58493525,24467.44921875,19
2024-12-05,0,1,0.5891523,24708.400390625,19
2024-12-06,0,1,0.5747922,24677.80078125,19
2024-12-09,0,0,0.52649575,24619.0,19
2024-12-10,1,1,0.61525667,24610.05078125,19
2024-12-11,0,1,0.58816755,24641.80078125,19
2024-12-12,1,1,0.6008156,24548.69921875,19
2024-12-13,0,1,0.6013641,24768.30078125,19
2024-12-16,0,1,0.597831,24668.25,19
2024-12-17,0,0,0.46016458,24336.0,19
2024-12-18,0,0,0.44116083,24198.849609375,19
2024-12-19,0,0,0.46311828,23951.69921875,19
2024-12-20,1,0,0.5307516,23587.5,19
2024-12-23,0,1,0.5655734,23753.44921875,19
2024-12-24,1,1,0.6012746,23727.650390625,19
2024-12-26,1,1,0.56907654,23750.19921875,19
2024-12-27,0,1,0.643378,23813.400390625,19
2024-12-30,0,1,0.5703059,23644.900390625,19
2024-12-31,1,0,0.49568346,23644.80078125,19
2025-01-01,1,1,0.5685253,23742.900390625,19
2025-01-02,0,0,0.4834859,24188.650390625,19
2025-01-03,0,0,0.46110415,24004.75,19
2025-01-06,1,0,0.45956182,23616.05078125,19
2024-11-05,1,0,0.45373014,24213.30078125,20
2024-11-06,0,0,0.5163223,24484.05078125,20
2024-11-07,0,0,0.5060426,24199.349609375,20
2024-11-08,0,0,0.51688343,24148.19921875,20
2024-11-11,0,0,0.47757262,24141.30078125,20
2024-11-12,0,1,0.56076664,23883.44921875,20
2024-11-13,0,0,0.39466152,23559.05078125,20
2024-11-14,0,1,0.5578638,23532.69921875,20
2024-11-18,1,1,0.5650419,23453.80078125,20
2024-11-19,0,1,0.5506425,23518.5,20
2024-11-21,1,0,0.52339464,23349.900390625,20
2024-11-22,1,0,0.46385875,23907.25,20
2024-11-25,0,0,0.5273954,24221.900390625,20
2024-11-26,1,0,0.5204066,24194.5,20
2024-11-27,0,1,0.57824385,24274.900390625,20
2024-11-28,1,0,0.50938356,23914.150390625,20
2024-11-29,1,0,0.53599656,24131.099609375,20
2024-12-02,1,0,0.49103498,24276.05078125,20
2024-12-03,1,1,0.6419542,24457.150390625,20
2024-12-04,1,1,0.57695305,24467.44921875,20
2024-12-05,0,1,0.58625627,24708.400390625,20
2024-12-06,0,1,0.568212,24677.80078125,20
2024-12-09,0,0,0.49534547,24619.0,20
2024-12-10,1,1,0.61119926,24610.05078125,20
2024-12-11,0,1,0.5900223,24641.80078125,20
2024-12-12,1,1,0.5810736,24548.69921875,20
2024-12-13,0,1,0.5799283,24768.30078125,20
2024-12-16,0,1,0.591943,24668.25,20
2024-12-17,0,0,0.4532848,24336.0,20
2024-12-18,0,0,0.44167334,24198.849609375,20
2024-12-19,0,0,0.45000085,23951.69921875,20
2024-12-20,1,0,0.53414005,23587.5,20
2024-12-23,0,0,0.53399014,23753.44921875,20
2024-12-24,1,1,0.5822923,23727.650390625,20
2024-12-26,1,1,0.5524931,23750.19921875,20
2024-12-27,0,1,0.6132039,23813.400390625,20
2024-12-30,0,1,0.5708753,23644.900390625,20
2024-12-31,1,0,0.46195227,23644.80078125,20
2025-01-01,1,0,0.54975015,23742.900390625,20
2025-01-02,0,0,0.4781459,24188.650390625,20
2025-01-03,0,0,0.48303777,24004.75,20
2025-01-06,1,0,0.46672735,23616.05078125,20
2025-01-07,0,0,0.5452874,23707.900390625,20
2025-01-08,0,0,0.48840252,23688.94921875,20
2025-01-09,0,0,0.5269352,23526.5,20
2025-01-10,0,0,0.49831608,23431.5,20
2025-01-13,1,0,0.4360309,23085.94921875,20
2025-01-14,1,1,0.55945116,23176.05078125,20
2025-01-15,1,1,0.5573078,23213.19921875,20
2025-01-16,0,0,0.5499628,23311.80078125,20
2025-01-17,1,0,0.4352622,23203.19921875,20
2025-01-20,0,1,0.57545185,23344.75,20
2025-01-21,1,0,0.53872335,23024.650390625,20
2025-01-22,1,1,0.5559744,23155.349609375,20
2025-01-23,0,0,0.46506676,23205.349609375,20
2025-01-24,0,0,0.48435935,23092.19921875,20
2025-01-27,1,0,0.45698974,22829.150390625,20
2025-01-28,1,0,0.5283962,22957.25,20
2025-01-29,1,0,0.53844196,23163.099609375,20
2025-01-30,1,0,0.5381366,23249.5,20
2025-01-31,0,0,0.4906692,23508.400390625,20
2025-02-01,0,1,0.6033084,23482.150390625,20
2025-02-03,1,0,0.5028449,23361.05078125,20
2024-12-06,0,1,0.5692293,24677.80078125,21
2024-12-09,0,0,0.50401497,24619.0,21
2024-12-10,1,1,0.5963155,24610.05078125,21
2024-12-11,0,1,0.5894987,24641.80078125,21
2024-12-12,1,1,0.5841353,24548.69921875,21
2024-12-13,0,1,0.57092977,24768.30078125,21
2024-12-16,0,1,0.60120696,24668.25,21
2024-12-17,0,0,0.45815703,24336.0,21
2024-12-18,0,0,0.44009787,24198.849609375,21
2024-12-19,0,0,0.45982778,23951.69921875,21
2024-12-20,1,0,0.52912235,23587.5,21
2024-12-23,0,0,0.5330441,23753.44921875,21
2024-12-24,1,1,0.57637763,23727.650390625,21
2024-12-26,1,0,0.5385957,23750.19921875,21
2024-12-27,0,1,0.60592926,23813.400390625,21
2024-12-30,0,0,0.53687215,23644.900390625,21
2024-12-31,1,0,0.44928724,23644.80078125,21
2025-01-01,1,0,0.54143864,23742.900390625,21
2025-01-02,0,0,0.47140482,24188.650390625,21
2025-01-03,0,0,0.49061707,24004.75,21
2025-01-06,1,0,0.45901564,23616.05078125,21
2025-01-07,0,0,0.53076655,23707.900390625,21
2025-01-08,0,0,0.46391422,23688.94921875,21
2025-01-09,0,0,0.5239973,23526.5,21
2025-01-10,0,0,0.49968877,23431.5,21
2025-01-13,1,0,0.43853253,23085.94921875,21
2025-01-14,1,0,0.549712,23176.05078125,21
2025-01-15,1,0,0.54295003,23213.19921875,21
2025-01-16,0,1,0.5506598,23311.80078125,21
2025-01-17,1,0,0.44046345,23203.19921875,21
2025-01-20,0,1,0.56946576,23344.75,21
2025-01-21,1,0,0.53142875,23024.650390625,21
2025-01-22,1,0,0.54704034,23155.349609375,21
2025-01-23,0,0,0.46454552,23205.349609375,21
2025-01-24,0,0,0.49205127,23092.19921875,21
2025-01-27,1,0,0.47013038,22829.150390625,21
2025-01-28,1,0,0.5239514,22957.25,21
2025-01-29,1,0,0.5401821,23163.099609375,21
2025-01-30,1,0,0.52717656,23249.5,21
2025-01-31,0,0,0.48480096,23508.400390625,21
2025-02-01,0,1,0.57688445,23482.150390625,21
2025-02-03,1,0,0.49480176,23361.05078125,21
2025-02-04,0,1,0.5911818,23739.25,21
2025-02-05,0,1,0.62903005,23696.30078125,21
2025-02-06,0,1,0.622732,23603.349609375,21
2025-02-07,0,1,0.6032074,23559.94921875,21
2025-02-10,0,0,0.5362295,23381.599609375,21
2025-02-11,0,0,0.53636974,23071.80078125,21
2025-02-12,0,0,0.5225204,23045.25,21
2025-02-13,0,0,0.54086,23031.400390625,21
2025-02-14,1,0,0.5490718,22929.25,21
2025-02-17,0,0,0.48105422,22959.5,21
2025-02-18,0,0,0.53443635,22945.30078125,21
2025-02-19,0,0,0.46523637,22932.900390625,21
2025-02-20,0,0,0.4540839,22913.150390625,21
2025-02-21,0,0,0.47974893,22795.900390625,21
2025-02-24,0,0,0.5197995,22553.349609375,21
2025-02-25,0,0,0.5461238,22547.55078125,21
2025-02-27,0,1,0.6073174,22545.05078125,21
2025-02-28,0,0,0.47245806,22124.69921875,21
2025-03-03,0,0,0.52950615,22119.30078125,21
2025-03-04,1,0,0.479591,22082.650390625,21
2025-03-05,1,0,0.44528338,22337.30078125,21
2025-01-07,0,0,0.5277376,23707.900390625,22
2025-01-08,0,0,0.46302536,23688.94921875,22
2025-01-09,0,0,0.5035335,23526.5,22
2025-01-10,0,0,0.4877591,23431.5,22
2025-01-13,1,0,0.43022174,23085.94921875,22
2025-01-14,1,0,0.54300976,23176.05078125,22
2025-01-15,1,0,0.5426354,23213.19921875,22
2025-01-16,0,0,0.54695696,23311.80078125,22
2025-01-17,1,0,0.41705978,23203.19921875,22
2025-01-20,0,1,0.5749707,23344.75,22
2025-01-21,1,0,0.5366592,23024.650390625,22
2025-01-22,1,1,0.5579103,23155.349609375,22
2025-01-23,0,0,0.442348,23205.349609375,22
2025-01-24,0,0,0.46935976,23092.19921875,22
2025-01-27,1,0,0.4736504,22829.150390625,22
2025-01-28,1,0,0.5246436,22957.25,22
2025-01-29,1,0,0.53850913,23163.099609375,22
2025-01-30,1,0,0.50292814,23249.5,22
2025-01-31,0,0,0.47832918,23508.400390625,22
2025-02-01,0,1,0.579921,23482.150390625,22
2025-02-03,1,0,0.46900508,23361.05078125,22
2025-02-04,0,1,0.5818309,23739.25,22
2025-02-05,0,1,0.61459607,23696.30078125,22
2025-02-06,0,1,0.61504394,23603.349609375,22
2025-02-07,0,1,0.59263855,23559.94921875,22
2025-02-10,0,0,0.50940776,23381.599609375,22
2025-02-11,0,0,0.5164074,23071.80078125,22
2025-02-12,0,0,0.50975126,23045.25,22
2025-02-13,0,0,0.53258765,23031.400390625,22
2025-02-14,1,1,0.5500253,22929.25,22
2025-02-17,0,0,0.4781531,22959.5,22
2025-02-18,0,0,0.5270394,22945.30078125,22
2025-02-19,0,0,0.47326377,22932.900390625,22
2025-02-20,0,0,0.4624289,22913.150390625,22
2025-02-21,0,0,0.4841251,22795.900390625,22
2025-02-24,0,0,0.5167096,22553.349609375,22
2025-02-25,0,0,0.54451895,22547.55078125,22
2025-02-27,0,1,0.6152922,22545.05078125,22
2025-02-28,0,0,0.46291772,22124.69921875,22
2025-03-03,0,0,0.5316541,22119.30078125,22
2025-03-04,1,0,0.47869766,22082.650390625,22
2025-03-05,1,0,0.43119034,22337.30078125,22
2025-03-06,1,0,0.43499905,22544.69921875,22
2025-03-07,0,0,0.4733595,22552.5,22
2025-03-10,1,0,0.4591286,22460.30078125,22
2025-03-11,0,0,0.3868469,22497.900390625,22
2025-03-12,0,0,0.5463096,22470.5,22
2025-03-13,1,1,0.57817715,22397.19921875,22
2025-03-17,1,0,0.51117784,22508.75,22
2025-03-18,1,1,0.5918204,22834.30078125,22
2025-03-19,1,1,0.6174112,22907.599609375,22
2025-03-20,1,1,0.5658735,23190.650390625,22
2025-03-21,1,1,0.5575824,23350.400390625,22
2025-03-24,1,1,0.5687683,23658.349609375,22
2025-03-25,0,1,0.55293393,23668.650390625,22
2025-03-26,1,0,0.51908594,23486.849609375,22
2025-03-27,0,0,0.5031561,23591.94921875,22
2025-03-28,0,0,0.54683673,23519.349609375,22
2025-04-01,1,0,0.46901527,23165.69921875,22
2025-04-02,0,1,0.6024908,23332.349609375,22
2025-04-03,0,0,0.4972749,23250.099609375,22
2025-04-04,0,0,0.45138264,22904.44921875,22
2025-04-07,1,0,0.4434518,22161.599609375,22
2025-02-04,0,1,0.57559067,23739.25,23
2025-02-05,0,1,0.61097175,23696.30078125,23
2025-02-06,0,1,0.60555214,23603.349609375,23
2025-02-07,0,1,0.5944942,23559.94921875,23
2025-02-10,0,0,0.5086354,23381.599609375,23
2025-02-11,0,0,0.50754154,23071.80078125,23
2025-02-12,0,0,0.4904171,23045.25,23
2025-02-13,0,0,0.5207649,23031.400390625,23
2025-02-14,1,0,0.54986095,22929.25,23
2025-02-17,0,0,0.47752884,22959.5,23
2025-02-18,0,0,0.5370669,22945.30078125,23
2025-02-19,0,0,0.4706336,22932.900390625,23
2025-02-20,0,0,0.46403432,22913.150390625,23
2025-02-21,0,0,0.48407197,22795.900390625,23
2025-02-24,0,0,0.5239775,22553.349609375,23
2025-02-25,0,0,0.54851186,22547.55078125,23
2025-02-27,0,1,0.6111498,22545.05078125,23
2025-02-28,0,0,0.48015207,22124.69921875,23
2025-03-03,0,0,0.5136033,22119.30078125,23
2025-03-04,1,0,0.4925158,22082.650390625,23
2025-03-05,1,0,0.42286372,22337.30078125,23
2025-03-06,1,0,0.4324268,22544.69921875,23
2025-03-07,0,0,0.49714977,22552.5,23
2025-03-10,1,0,0.46482962,22460.30078125,23
2025-03-11,0,0,0.40207928,22497.900390625,23
2025-03-12,0,0,0.5484454,22470.5,23
2025-03-13,1,1,0.57411027,22397.19921875,23
2025-03-17,1,0,0.50203615,22508.75,23
2025-03-18,1,1,0.5857928,22834.30078125,23
2025-03-19,1,1,0.6172595,22907.599609375,23
2025-03-20,1,1,0.5536466,23190.650390625,23
2025-03-21,1,0,0.5287144,23350.400390625,23
2025-03-24,1,1,0.55180097,23658.349609375,23
2025-03-25,0,0,0.5476423,23668.650390625,23
2025-03-26,1,0,0.51275617,23486.849609375,23
2025-03-27,0,0,0.50861317,23591.94921875,23
2025-03-28,0,1,0.55347997,23519.349609375,23
2025-04-01,1,0,0.4742426,23165.69921875,23
2025-04-02,0,1,0.59135824,23332.349609375,23
2025-04-03,0,0,0.49718568,23250.099609375,23
2025-04-04,0,0,0.45345023,22904.44921875,23
2025-04-07,1,0,0.46700963,22161.599609375,23
2025-04-08,0,0,0.5287695,22535.849609375,23
2025-04-09,1,0,0.4685389,22399.150390625,23
2025-04-11,1,0,0.5396623,22828.55078125,23
2025-04-15,1,1,0.55881536,23328.55078125,23
2025-04-16,1,1,0.5850185,23437.19921875,23
2025-04-17,1,0,0.5051458,23851.650390625,23
2025-04-21,1,1,0.59219867,24125.55078125,23
2025-04-22,1,1,0.6366814,24167.25,23
2025-04-23,0,0,0.5165131,24328.94921875,23
2025-04-24,0,0,0.47326827,24246.69921875,23
2025-04-25,1,1,0.5721351,24039.349609375,23
2025-04-28,1,1,0.57423997,24328.5,23
2025-04-29,0,1,0.6224074,24335.94921875,23
2025-04-30,1,0,0.53391236,24334.19921875,23
2025-05-02,1,0,0.5435138,24346.69921875,23
2025-05-05,0,0,0.5401629,24461.150390625,23
2025-05-06,1,0,0.5452886,24379.599609375,23
2025-05-07,0,0,0.5288679,24414.400390625,23
2025-05-08,0,1,0.5902914,24273.80078125,23
2025-05-09,1,0,0.47416797,24008.0,23
2025-05-12,0,0,0.466938,24924.69921875,23
2025-03-06,1,0,0.4318981,22544.69921875,24
2025-03-07,0,0,0.46961543,22552.5,24
2025-03-10,1,0,0.44120544,22460.30078125,24
2025-03-11,0,0,0.39255667,22497.900390625,24
2025-03-12,0,0,0.5120378,22470.5,24
2025-03-13,1,0,0.5356201,22397.19921875,24
2025-03-17,1,0,0.48577222,22508.75,24
2025-03-18,1,1,0.5765042,22834.30078125,24
2025-03-19,1,1,0.60841614,22907.599609375,24
2025-03-20,1,0,0.5391177,23190.650390625,24
2025-03-21,1,0,0.5098055,23350.400390625,24
2025-03-24,1,0,0.54479915,23658.349609375,24
2025-03-25,0,0,0.53451335,23668.650390625,24
2025-03-26,1,0,0.48075613,23486.849609375,24
2025-03-27,0,0,0.49054065,23591.94921875,24
2025-03-28,0,0,0.53651816,23519.349609375,24
2025-04-01,1,0,0.44663265,23165.69921875,24
2025-04-02,0,1,0.5839631,23332.349609375,24
2025-04-03,0,0,0.48092255,23250.099609375,24
2025-04-04,0,0,0.4232018,22904.44921875,24
2025-04-07,1,0,0.4662213,22161.599609375,24
2025-04-08,0,0,0.52870107,22535.849609375,24
2025-04-09,1,0,0.4630589,22399.150390625,24
2025-04-11,1,0,0.5376246,22828.55078125,24
2025-04-15,1,1,0.57471156,23328.55078125,24
2025-04-16,1,1,0.58312184,23437.19921875,24
2025-04-17,1,0,0.488714,23851.650390625,24
2025-04-21,1,1,0.59456223,24125.55078125,24
2025-04-22,1,1,0.625464,24167.25,24
2025-04-23,0,0,0.52397996,24328.94921875,24
2025-04-24,0,0,0.46306092,24246.69921875,24
2025-04-25,1,1,0.5661316,24039.349609375,24
2025-04-28,1,1,0.578759,24328.5,24
2025-04-29,0,1,0.63997567,24335.94921875,24
2025-04-30,1,0,0.54237026,24334.19921875,24
2025-05-02,1,0,0.5387789,24346.69921875,24
2025-05-05,0,1,0.5504343,24461.150390625,24
2025-05-06,1,1,0.5621825,24379.599609375,24
2025-05-07,0,0,0.526936,24414.400390625,24
2025-05-08,0,1,0.5736973,24273.80078125,24
2025-05-09,1,0,0.4740107,24008.0,24
2025-05-12,0,0,0.48205858,24924.69921875,24
2025-05-13,1,0,0.43782243,24578.349609375,24
2025-05-14,1,0,0.5373728,24666.900390625,24
2025-05-15,0,0,0.50282484,25062.099609375,24
2025-05-16,0,0,0.545715,25019.80078125,24
2025-05-19,0,1,0.5574252,24945.44921875,24
2025-05-20,1,0,0.50299805,24683.900390625,24
2025-05-21,0,0,0.5384835,24813.44921875,24
2025-05-22,1,0,0.4516049,24609.69921875,24
2025-05-23,1,0,0.5252468,24853.150390625,24
2025-05-26,0,1,0.5845283,25001.150390625,24
2025-05-27,0,0,0.44251788,24826.19921875,24
2025-05-28,1,0,0.5159118,24752.44921875,24
2025-05-29,0,1,0.5959034,24833.599609375,24
2025-05-30,0,0,0.5248181,24750.69921875,24
2025-06-02,0,0,0.46332294,24716.599609375,24
2025-06-03,1,0,0.53658754,24542.5,24
2025-06-04,1,1,0.5516721,24620.19921875,24
2025-06-05,1,1,0.551874,24750.900390625,24
2025-06-06,1,1,0.56283855,25003.05078125,24
2025-06-09,1,1,0.6109808,25103.19921875,24
2025-06-10,1,1,0.5743462,25104.25,24
