date,close,ret_zscore,ret_1d,ret_5d,ret_10d,ret_20d,ret_overnight,high_low_range,volume_ratio_20d,momentum_5_20,vol_5d,vol_20d,vol_50d,rsi_14,bn_ret_1d,bn_ret_5d,nifty_bn_spread,vix_change,vix_5d_change,vix_ma_ratio,target,proba,signal,ret,strategy_ret,equity
2025-07-01,25541.80078125,-0.1635218617437026,0.0009699396772837,0.019862810559424,0.0276984388375554,0.0407171551899765,0.0013441533043545,0.0035918878890446,0.7830474874598241,-0.0208543446305524,0.0064214318248993,0.006390071868848,0.0085761494047248,59.64819310182544,0.0025596262393621,0.0176676804864119,-0.0015896865620783,-0.0203283995040893,-0.0813783418191002,0.8971146046002633,0,0.6380272,1,-0.0034610085397696055,-0.0034610085397696055,0.9965389914602304
2025-07-02,25453.400390625,-0.7904795869721181,-0.0034610085397696,0.0082651002931302,0.0258483111706209,0.0338421783053835,0.0018205450899192,0.0090370727232428,0.9265046728971936,-0.0255770780122532,0.0066568663497724,0.0064974156296985,0.0086003279960062,64.79428397853175,-0.0080099967239124,0.006676847638781,0.0045489881841428,-0.0063846708229007,-0.0393518693966574,0.9020431652710356,0,0.511961,1,-0.00188971251922454,-0.00188971251922454,0.9946558192521726
2025-07-03,25405.30078125,-0.4947609176381923,-0.0018897125192245,-0.0056244557027672,0.0246861860082885,0.0264394579711075,0.0020311321063822,0.0080029779667851,0.8901023890784956,-0.0320639136738748,0.003335466899872,0.0064847643400964,0.0085710868455039,69.19552529659812,-0.0036360159939198,-0.0072500250086804,0.0017463034746952,-0.0048192342860705,-0.0158856081684817,0.9065301102541656,1,0.5826611,1,0.0021924250859925998,0.0021924250859925998,0.9968365276222296
2025-07-04,25461.0,0.2055291674258115,0.0021924250859925,-0.0068960977877362,0.0138815726076564,0.0183157336581269,0.0009269257753633,0.0054714006879825,0.5999627930050832,-0.0252118314458632,0.0029173759259592,0.0061500027422386,0.0085508831791816,65.91401175321819,0.0042250569323791,-0.0071722151735272,-0.0020326318463865,-0.0056497696980499,-0.0056497696980499,0.909090883434198,1,0.5963856,1,1.1813410706551508e-05,1.1813410706551508e-05,0.9968483036615378
2025-07-07,25461.30078125,-0.1167005838742407,1.1813410706551508e-05,-0.0021848136165079,0.0195980435196967,0.0142651762980285,-0.0004143899002395,0.0032491033563254,0.615959668933455,-0.0164499899145365,0.0022570662693659,0.0061090457489868,0.0084403202117593,69.94814999903686,-0.001450052006258,-0.0063432793095776,0.0014618654169645,0.0194805787936265,-0.0179827633246533,0.9341415593858772,1,0.56412137,1,0.0024036171315751087,0.0024036171315751087,0.9992443453218002
2025-07-08,25522.5,0.2543461839657825,0.0024036171315751,-0.0007556546781998,0.0190921464555027,0.0166605256082137,-0.0013138045130684,0.0048733345547974,0.6710895636641979,-0.0174161802864135,0.0025516427785952,0.0061182673395002,0.008297599443764,73.01347086728885,0.0053925527788438,-0.0035355096552807,-0.0029889356472687,-0.0286624680194516,-0.0263367861722852,0.9135497216533984,0,0.5797297,1,-0.00181801902732881,-0.00181801902732881,0.9974277000890545
2025-07-09,25476.099609375,-0.4056304132848868,-0.0018180190273288,0.0008917951394171,0.0091642662088156,0.0133126720687686,-0.0003095461112743,0.004890965207981,0.7702591691767448,-0.0124208769293514,0.0020790584856331,0.0061441513075138,0.0083064504787185,71.73087991542552,-0.0007466427173373,0.0037606065600566,-0.0010713763099914,-0.0213114945038263,-0.0409638744333393,0.8999095230645411,0,0.5666186,1,-0.004743646446198069,-0.004743646446198069,0.9926962557241875
2025-07-10,25355.25,-0.985959229107856,-0.004743646446198,-0.0019700920560223,-0.0075834670632901,0.0187659531790527,0.0013954562038577,0.0072453949381508,0.7200472162108967,-0.0207360452350751,0.0029875862744886,0.005753143620147,0.0083441304704127,58.84472733575976,-0.0045015696060312,0.0028886274112218,-0.0002420768401668,-0.0226130245877855,-0.0581114000869931,0.8874187342877323,0,0.59936184,1,-0.008100901810276007,-0.008100901810276007,0.9846545208291372
2025-07-11,25149.849609375,-1.530773950629715,-0.008100901810276,-0.012220666534111,-0.0190324894103967,0.0174463766886066,-0.0039340964888928,0.0076982458016634,0.8290636555074672,-0.0296670432227176,0.0041111548050741,0.0058516989479979,0.0084397256904274,56.18846178870692,-0.0035343209012219,-0.0048604241896975,-0.004566580909054,0.0128534376649218,-0.0405844165897224,0.910105847462107,0,0.5031051,1,-0.002685854157148504,-0.002685854157148504,0.9820098823910132
2025-07-14,25082.30078125,-0.5331994397982425,-0.0026858541571485,-0.0148853353273725,-0.017037627260571,0.0054436807267552,-1.3901052309659842e-05,0.0059655504984845,0.8672258797580428,-0.0203290160541278,0.0038760211163513,0.0055587524086013,0.0084321406141311,51.32432502379588,0.0001876909559319,-0.0032282746513048,-0.0028735451130804,0.0135363664588052,-0.0461784122613962,0.932694894294618,1,0.5805405,1,0.004525103218794291,0.004525103218794291,0.9864535784707086
2025-07-15,25195.80078125,0.6873388453625022,0.0045251032187942,-0.0128004395631305,-0.0135464215292915,0.013776802580067,0.0002870238584883,0.0062478951422335,0.8065513495445783,-0.0265772421431976,0.0046503661891431,0.0055517285792652,0.0084322860129822,48.18160974865936,0.0042507774259854,-0.0043602597503427,0.0002743257928088,-0.0417362286398438,-0.0590164162528932,0.904043751023362,1,0.636421,1,0.0006449487413033861,0.0006449487413033861,0.9870897904644975
2025-07-16,25212.05078125,-0.0306073959152539,0.0006449487413033,-0.0103645704080946,-0.0094820183421895,0.0161211986677969,3.1704811922249566e-05,0.0053441235865898,0.7658961956248824,-0.0264857690758916,0.00487578517926,0.0055242425016475,0.0084315579940836,34.075359535798086,0.002847050049398,-0.000779562916319,-0.0022021013080946,-0.020905904241126,-0.0586264517475523,0.8958673573722337,0,0.6298406,1,-0.003990217351728331,-0.003990217351728331,0.9831510876548722
2025-07-17,25111.44921875,-0.8242002011061805,-0.0039902173517283,-0.0096153964662151,-0.0115665453060438,0.0128341068133464,0.0007416778155907,0.0054718779879287,0.8190460166568493,-0.0224495032795615,0.0047830028224439,0.005619027026024,0.00840765866421,25.398384552133138,-0.0059498808732423,-0.0022332891837558,0.0019596635215139,0.0,-0.0368466411623482,0.9067806720477788,0,0.5590655,1,-0.0056965580472427835,-0.0056965580472427835,0.9775505104148364
2025-07-18,24968.400390625,-1.082223490007991,-0.0056965580472427,-0.0072147238082235,-0.0193472216085385,-0.0057342188623974,-0.0001154229481043,0.0090674741692675,1.1150585669562731,-0.001480504945826,0.0040672273805418,0.0050021980727957,0.0082899033825866,24.879768353674493,-0.0096042987665874,-0.0083111922932042,0.0039077407193446,0.0133452469091703,-0.0363789646872627,0.9274111778944808,1,0.5533312,1,0.004898144302865282,0.004898144302865282,0.982338693878188
2025-07-21,25090.69921875,0.935052704817958,0.0048981443028652,0.0003348352120184,-0.0145554842497644,0.0047573002561551,0.0012255334301066,0.0092073322073028,1.0629516760992563,-0.0044224650441366,0.0048289384752362,0.0049648317301059,0.0064158684439643,31.03974229695818,0.0118996855178294,0.0033012820733377,-0.0070015412149642,-0.0166813457708983,-0.0651084943886055,0.9226460058206056,0,0.63253003,1,-0.0011876443882732346,-0.0011876443882732346,0.9811720248410198
2025-07-22,25060.900390625,-0.2493834425407906,-0.0011876443882732,-0.005354082285227,-0.0180859872416495,0.0006608588966432,0.003027064778579,0.0058496503643802,1.6748614958448695,-0.0060149411818702,0.0041400727160694,0.0049335870308966,0.0060876686139017,32.64803909676891,-0.0034546180825333,-0.0043968281660129,0.00226697369426,-0.0401785550829096,-0.0635888128349282,0.8962441176531915,1,0.6216904,1,0.006344544590244583,0.006344544590244583,0.9873971145033242
2025-07-23,25219.900390625,1.3261712781698318,0.0063445445902445,0.0003113435492854,-0.0100564538009468,-0.0009843476118797,0.0031303431850895,0.0058998226066851,0.938326219564876,0.0012956911611651,0.0053359431700948,0.0048063416865573,0.006129089126345,42.53559403019749,0.0080070691865177,0.0007259185373724,-0.0016625245962731,-0.0213953062545421,-0.0640568797167213,0.8860813230220738,0,0.65272087,1,-0.006256994627491075,-0.006256994627491075,0.9812189760626767
2025-07-24,25062.099609375,-1.300685768513342,-0.006256994627491,-0.0019652234701831,-0.0115617235335877,-0.019057512647266,0.0009278542049158,0.0090952283034549,1.189109484438355,0.0170922891770829,0.0058426311349185,0.0040803195469216,0.0057805354760358,35.15993413969801,-0.0025239871294818,0.0041748197522808,-0.0037330074980092,0.019011387886161,-0.046263302017632,0.9100942620754838,0,0.57310915,1,-0.008981674037030651,-0.008981674037030651,0.9724059870607328
2025-07-25,24837.0,-1.7181527503935037,-0.0089816740370306,-0.0052626675545597,-0.0124394226698827,-0.0312351589000433,-0.0020648708929654,0.008223700915789,1.0279441117764434,0.0259724913454836,0.0067177992503462,0.0043155460367806,0.0059157126288355,30.102561676175284,-0.0094128178907815,0.0043689646518487,0.0004311438537508,0.0522387548501055,-0.0096576476765471,0.9621699842984046,0,0.469099,-1,-0.006284962329387578,0.006284962329387578,0.9785175220582806
2025-07-28,24680.900390625,-1.0560426862018957,-0.0062849623293875,-0.0163326986048584,-0.0160033321554401,-0.0327683006078196,-0.0021963514615291,0.0098431269716703,0.9703993039486072,0.0164356020029612,0.006077074386752,0.0043899782761157,0.0059667142187713,24.70694859062129,-0.0078543897417512,-0.0152380975896686,0.0015694274123636,0.0691489986799895,0.0767857700890433,1.0319158449216823,1,0.47231206,-1,0.005680474234370125,-0.005680474234370125,0.9729590784863488
2025-07-29,24821.099609375,1.5266726209840344,0.0056804742343701,-0.0095687216944411,-0.0148715722563516,-0.0282165371990552,-0.0028868476786634,0.0101042654946614,1.049411157595971,0.0186478155046141,0.0073168258148519,0.004655793937373,0.0058329311183643,31.365534684882363,0.0024445361642722,-0.0094086968778631,0.0032359380700979,-0.0439469874133182,0.0725581146949945,0.9908051723437762,1,0.49333006,-1,0.001367835124523431,-0.001367835124523431,0.9716282308840712
2025-07-30,24855.05078125,0.5458560336218942,0.0013678351245234,-0.0144667347500954,-0.0141598953253536,-0.0235076492803446,0.0027920109237958,0.0052620632049954,0.9100746268656684,0.0090409145302492,0.0061650374100145,0.0046699915143018,0.0057890766768031,35.029333158451564,-0.0012682007265838,-0.0185237140150383,0.0026360358511072,-0.0277536602112095,0.0655893108706175,0.9684665298797916,0,0.5710063,1,-0.0034882717656889994,-0.0034882717656889994,0.968238927559532
2025-07-31,24768.349609375,-0.4753690878436606,-0.0034882717656889,-0.0117208855035479,-0.0136630748144482,-0.025071585546631,-0.0085616715541185,0.0130505378526486,1.2795359234421428,0.013350700043083,0.0059058149096437,0.004696353671231,0.0056885403402266,37.708602870136005,-0.003361489752152,-0.0193477829179441,-0.0001267820135369,0.0294379948780627,0.07649250694016,1.0006503384047685,0,0.44371432,-1,-0.008195943742782208,0.008195943742782208,0.9761745593393818
2025-08-01,24565.349609375,-1.3203767390859664,-0.0081959437427822,-0.0109373269970205,-0.0161424350356594,-0.0351773453762617,-0.001350482340468,0.0101528059426461,0.9608229371853764,0.0242400183792411,0.0056888880976694,0.0048672128920085,0.0056325472870946,34.681563055679035,-0.0061532462871151,-0.0161209027628153,-0.002042697455667,0.0381282133308298,0.0620567221485877,1.0403369040495951,1,0.51821315,1,0.006407415043054421,0.006407415043054421,0.98242931489554
2025-08-04,24722.75,1.5171069973619966,0.0064074150430544,0.0016956273358201,-0.0146647654392603,-0.029006796926647,0.001249775491218,0.0074224158996497,0.9350883519653772,0.0307024242624672,0.0062070943489563,0.0051895477547409,0.0056429493773256,36.33788357371338,3.1464859160390546e-05,-0.0083007527510956,0.006375950183894,-0.0008346640725874,-0.0074626989599019,1.0421382858661563,0,0.5548263,1,-0.0029608040671041946,-0.0029608040671041946,0.9795205341843549
2025-08-05,24649.55078125,-0.241501228579299,-0.0029608040671041,-0.0069114112921977,-0.0164139996154679,-0.0342031234694877,-0.0001011214367333,0.0058071200265221,0.9013136700433084,0.0272917121772899,0.0055175427848584,0.0051170040218197,0.005571920160355,34.27188665246149,-0.0046584786629316,-0.0153276297534772,0.0016976745958274,-0.0217209877261241,0.0156114752250211,1.021681290339596,0,0.51649886,1,-0.003056914228121266,-0.003056914228121266,0.9765262239266698
2025-08-06,24574.19921875,-0.2477638954940703,-0.0030569142281212,-0.0112995770948843,-0.0256028438603598,-0.0354018238448521,-0.0003327108046625,0.005387346616184,0.8077654573509857,0.0241022467499677,0.0053167279100564,0.005125549043037,0.0055728310800639,34.76274885584438,0.0009194040399023,-0.0131708205158564,-0.0039763182680235,0.0213492740551315,0.0669045492816944,1.043402406705071,1,0.53701156,1,0.0008932609229541644,0.0008932609229541644,0.9773985166427435
2025-08-07,24596.150390625,0.4700366612973879,0.0008932609229541,-0.0069523897016061,-0.0185917870414856,-0.0299385574733043,-0.0044762394501982,0.011914518414933,2.0658236328615627,0.0229861677716981,0.0054256297803679,0.0051098638514479,0.0055531721862405,38.66371331876033,0.0019851600824349,-0.0078767946328486,-0.0010918991594808,-0.02257528903867,0.0129982338844121,1.019758333255538,0,0.49538296,-1,-0.009466912735407229,0.009466912735407229,0.9866514631075168
2025-08-08,24363.30078125,-1.5160242310703325,-0.0094669127354072,-0.0082249522737462,-0.0190723202782139,-0.0312744942948606,-0.0021101021826888,0.0101900359527478,1.0362831711723623,0.0230495420211144,0.0058436423288649,0.005212019025939,0.0056914080135469,29.245678365402824,-0.0092982586731097,-0.0110163528772717,-0.0001686540622974,0.0290847018641844,0.0041736387850921,1.0484573649916649,1,0.47616348,-1,0.009101804471857822,-0.009101804471857822,0.9776711544084398
2025-08-11,24585.05078125,1.7647476128371855,0.0091018044718578,-0.0055697371348252,-0.0038835539975441,-0.0198247363484179,0.0003365397334137,0.01040767713892,0.8017024955525602,0.0142549992135927,0.006806195854908,0.0057189943864084,0.0058411216694833,37.763294957382925,0.0091964820746788,-0.0019525859156765,-9.46776028210028e-05,0.0157938934559469,0.0208855467354183,1.063903909323624,0,0.56381077,1,-0.003971941790719136,-0.003971941790719136,0.9737879014926643
2025-08-12,24487.400390625,-0.4575441982889946,-0.0039719417907191,-0.0065782290340293,-0.0134441754797987,-0.0281158117090754,-0.0008826978666056,0.0096849752598768,0.788633036070808,0.021537582675046,0.0068896891451825,0.0056020116299671,0.0057820214250754,30.549695155244606,-0.0084136997113172,-0.005718015746858,0.004441757920598,0.000818271275697,0.0444064476853445,1.0613094613279117,1,0.48099276,-1,0.005388453516712133,-0.005388453516712133,0.9685406906503344
2025-08-13,24619.349609375,1.1335667439912318,0.0053884535167121,0.0018373087246135,-0.0094830291818517,-0.023508645806623,0.0040346801436229,0.0052700005604181,0.7843658601435762,0.0253459545312365,0.0073725103257298,0.0057906507243293,0.0058154373321091,38.079868582115004,0.0025025570947287,-0.0041453610911725,0.0028858964219833,-0.0073588881669832,0.0150501926924466,1.0494014218159724,1,0.5763286,1,0.00048543816407109475,0.00048543816407109475,0.9690108572650319
2025-08-14,24631.30078125,0.2490460744636542,0.000485438164071,0.0014291013051537,-0.0055332240656489,-0.0191206980257231,-0.0004914674663213,0.0031203118596704,0.8940506915491997,0.0205497993308768,0.0073674959475475,0.0057629119851366,0.0057656250615956,43.743955899975575,0.0029068164395997,-0.0032293437734242,-0.0024213782755286,0.0181218539648144,0.0573139521252212,1.0632715099816896,1,0.575291,1,0.009973019276634965,0.009973019276634965,0.9786748212238047
2025-08-18,24876.94921875,1.6529071538932036,0.0099730192766349,0.0210828755147702,0.0126845175961216,-0.0036626764407918,0.0124596926579541,0.0068060762964257,1.1923487398407318,0.0247455519555621,0.0058836399905504,0.0061336693708727,0.005758006317088,55.6545389194664,0.0071021634423653,0.0132715452757261,0.0028708558342696,-0.0016180829000712,0.0257689465085411,1.0572309950061898,1,0.5927661,1,0.004168564680625764,0.004168564680625764,0.982754490517376
2025-08-19,24980.650390625,0.7160034608017704,0.0041685646806257,0.0160910633414963,0.0104317032136391,-0.004386040706381,0.0005788648157124,0.0055761620583532,0.8357625546574771,0.0204771040478773,0.0052386574102106,0.0061041537343617,0.0057604115256336,54.70081437003438,0.0023369559046753,0.0063843208297491,0.0018316087759504,-0.0445705173366242,-0.0351882402438221,1.0075631307351949,1,0.57883847,1,0.0027981813736617234,0.0027981813736617234,0.985504415827624
2025-08-20,25050.55078125,0.4565296979852656,0.0027981813736617,0.0229975571780416,0.016268044945672,-0.0004129783532785,-0.0005944444657282,0.0063779349523966,0.9830508474576238,0.0234105355313202,0.0035110914997998,0.0061357731269717,0.0057749073502149,55.6404950756129,-0.0029830483254947,0.0118960169927486,0.0057812296991565,0.0,-0.0359770725144968,1.003105455920032,1,0.5301332,1,0.0013252889742787488,0.0013252889742787488,0.9868104939640234
2025-08-21,25083.75,0.2648377834420138,0.0013252889742787,0.0188632274204416,0.0207351937173689,-0.0053985300701508,0.0036505871487044,0.0039413447453556,0.7815734989648007,0.0242617574905925,0.0037328209277309,0.0059630647186109,0.0057741186380062,59.3897000245077,0.0010224551603723,0.0104020464871184,0.0003028338139063,-0.0356234162555445,-0.0634267245459501,0.9638860568735108,0,0.6218852,1,-0.008517482060098724,-0.008517482060098724,0.9784053532849677
2025-08-22,24870.099609375,-1.3357875450098189,-0.0085174820600987,0.0096949337043044,0.0111378900518683,-0.007660970269553,-0.0007813667962326,0.0090791203723163,0.7417732686369626,0.0173559039738574,0.0067062947092311,0.0061038665634528,0.0057222965596989,59.01545949719882,-0.010869803575113,-0.0034775331790742,0.0023523215150142,0.0316622392524803,-0.050970884461196,0.9901658397473518,1,0.5362966,1,0.003926417350905487,0.003926417350905487,0.9822469810403246
2025-08-25,24967.75,0.6269022169875375,0.0039264173509054,0.0036499966475616,0.0248098245872818,0.005264323388493,0.0031785470300328,0.0051096402947236,0.7603884049692962,-0.0016143267409314,0.0053089246223904,0.0058192996517427,0.0056624241925524,57.51348281984143,-0.0001830963988019,-0.0106862607261748,0.0041095137497074,0.0025576033943977,-0.0470016139817,0.9906912331148106,0,0.63374025,1,-0.010241179872034878,-0.010241179872034878,0.9721876130287274
2025-08-26,24712.05078125,-1.6884278982961256,-0.0102411798720348,-0.0107523064922201,0.0051657408044427,0.0012621253735471,-0.002733526248861,0.0093177202097131,2.464372496223805,-0.0120144318657673,0.0067208871779323,0.0061169960548302,0.005701872860717,51.723755286681246,-0.0124929324953326,-0.0253234665675813,0.0022517526232977,0.03656456999426,0.0339270245822296,1.0263534292494108,0,0.43796983,-1,-0.008544430103923584,0.008544430103923584,0.9804944021361517
2025-08-28,24500.900390625,-1.2655348151793662,-0.0085444301039235,-0.0219416489251966,0.0005513039271072,-0.0129002833794301,-0.0006575739158131,0.0090292621714698,1.065109984183146,-0.0090413655457665,0.0065467474993599,0.0062581980126496,0.0058036138805775,48.11929019193983,-0.0115719459672157,-0.0337199105451673,0.0030275158632921,-0.0008202851149898,0.0330789096339789,1.0227129916769968,0,0.49054995,-1,-0.0030223697933294824,0.0030223697933294824,0.9834578187996965
2025-08-29,24426.849609375,-0.3472188072935777,-0.0030223697933294,-0.0261882848706832,-0.0078190530235086,-0.0172279338973639,-0.0013959148982168,0.0068736761922932,1.0475837986579308,-0.0089603509733192,0.0058404941540883,0.0062608198251025,0.0058134069354218,45.76917445131532,-0.0030602387427501,-0.0376609068830505,3.786894942070518e-05,-0.0353038008540159,0.0334212944824698,0.9843756602425238,1,0.45536324,-1,0.008114070174605414,-0.008114070174605414,0.9754779730441914
2025-09-01,24625.05078125,1.283688812914924,0.0081140701746054,-0.0098531502476422,-0.0002537421817672,-0.0057855622350695,0.0002394745727977,0.0083044607068748,0.7521361914289907,-0.0040675880125726,0.0079028286498903,0.0065344155909261,0.0059327732267117,56.65640179959063,0.0064634533613727,-0.020797130181752,0.0016506168132326,-0.0391489394167636,-0.0375106221273914,0.9468299251698912,0,0.55535114,1,-0.0018457290617897026,-0.0018457290617897026,0.973677505000208
2025-09-02,24579.599609375,-0.3017526361457478,-0.0018457290617897,-0.0155460700553714,-0.0119528165113945,0.000580085373365,0.0011349913142628,0.0095321208498975,0.8896896241094067,-0.0161261554287365,0.007217807806508,0.0062770447037331,0.0056356042953407,49.84772016700334,-0.0063228469021261,-0.0268102924829378,0.0044771178403364,0.0097431051416221,-0.0306122962028032,0.9583858496469982,1,0.46044397,-1,0.0055107151470170646,-0.0055107151470170646,0.9683118456250935
2025-09-03,24715.05078125,0.8840828297939585,0.005510715147017,0.0001213982613808,-0.0106322135421532,-0.0003114224246898,0.0015012608509263,0.0083092123730932,1.1001373959427752,0.0004328206860706,0.0067401376894985,0.0062325313958103,0.0056460656230538,56.227939030879696,0.007576280375878,-0.0070320528662993,-0.002065565228861,-0.0412280113229588,-0.10336335673343,0.922908077691744,1,0.62737656,1,0.0007788776228048189,0.0007788776228048189,0.9690660420535477
2025-09-04,24734.30078125,0.0951202586522024,0.0007788776228048,0.0095261964623269,-0.0126244729212384,0.0034381965315353,0.0107505026431736,0.0110307828926347,1.005313020099856,0.0060879999307916,0.0047621594586769,0.0061953892553226,0.0056302251829194,53.35143390419708,0.0001460846179617,0.0047397991437079,0.000632793004843,-0.0073192974814618,-0.1091953932990362,0.9194915613894076,1,0.6068848,1,0.00027084730671167456,0.00027084730671167456,0.9693285109810637
2025-09-05,24741.0,-0.0138968729282021,0.0002708473067116,0.0128608639938745,-0.0136642248467633,0.0067876385214102,0.0034182825248528,0.0085595575975394,0.6740671821360946,0.0060732254724642,0.0040909041778561,0.0061484916911641,0.0055047348949212,53.20813646331441,0.0007230926985335,0.008552731298822,-0.0004522453918218,-0.0064516724458451,-0.0825532142152177,0.9181500544965254,1,0.62529874,1,0.0012994782193525012,0.0012994782193525012,0.970588132268481
2025-09-08,24773.150390625,0.1501268886333439,0.0012994782193525,0.0060141849326769,-0.0038982239827239,0.0071962480790273,0.0024897784800533,0.0054117505579274,0.7313517314717914,-0.0011820631463503,0.002682798937359,0.006151087087262,0.0052139460112543,46.531263338976686,0.0013369353566743,0.0034155713568257,-3.7457137321839085e-05,0.0055659017720737,-0.0398582649057226,0.9266145389130284,1,0.5765606,1,0.003852930178235292,0.003852930178235292,0.9743277405739352
2025-09-09,24868.599609375,0.4902457635394457,0.0038529301782352,0.0117577179690824,-0.0039711383935276,0.0207401629467989,0.0036712819046389,0.00313535831587,0.789959266093372,-0.0089824449777164,0.0022376522613714,0.0057339807004431,0.005220224819807,46.23473416667794,0.0005389333186081,0.0103445996626974,0.0033139968596271,-0.0138376909680005,-0.0622807071846645,0.91905597885306,1,0.6491256,1,0.0042020862308871365,0.0042020862308871365,0.9784219497569724
2025-09-10,24973.099609375,0.6225500651716197,0.0042020862308871,0.0104409588476657,0.0105636246232978,0.0157839343745,0.0049218851301485,0.004842391795998,0.8493980096040057,-0.0053429755268343,0.0018138644827298,0.0054723604937088,0.0052291475240553,47.45653565424514,0.0059004323121836,0.0086641472006987,-0.0016983460812964,-0.0140317702916967,-0.0356816406618096,0.9127516789927124,1,0.64422685,1,0.0012974116602184615,0.0012974116602184615,0.9796913658032008
2025-09-11,25005.5,0.0441629788396924,0.0012974116602184,0.0109644991038349,0.020595145538736,0.0211578036504582,-0.0011051735590178,0.0038953410105144,0.7832333658808733,-0.0101933045466233,0.0017341810368161,0.0053566214947338,0.0052311395384156,47.428953535394285,0.0024497866088455,0.0109874694031018,-0.001152374948627,-0.017077827877348,-0.0451613555359255,0.9044874892921624,1,0.63869107,1,0.004339045410009845,0.004339045410009845,0.9839422911272154
2025-09-12,25114.0,0.6268750357198126,0.0043390454100098,0.0150761893213693,0.028130946135652,0.0200919357527071,0.0027573621303313,0.0040497736179979,0.7884853883910609,-0.0050157464313378,0.0015574724502131,0.0053171652215363,0.0052547436773672,58.60863282910115,0.0025553363250743,0.0128385062791784,0.0017837090849355,-0.023166001840886,-0.0612244771577744,0.8913943407888205,0,0.6775144,1,-0.0017838966811339896,-0.0017838966811339896,0.9821870397396462
2025-09-15,25069.19921875,-0.5008662051618102,-0.0017838966811339,0.0119503907842515,0.0180364475771226,0.0177781287877958,0.0001951258511188,0.0035809858276361,0.6574351518590072,-0.0058277380035443,0.0026344814540612,0.0053527393370935,0.0052540967942419,53.71948407517012,0.0014331651769012,0.0129358414157711,-0.0032170618580352,0.0276679581163572,-0.0405904546000006,0.9240337350603658,1,0.6078388,1,0.006777256391098607,0.006777256391098607,0.9888435731319759
2025-09-16,25239.099609375,1.1834326948350316,0.0067772563910986,0.0148983057276907,0.0268311937737366,0.0145576689263828,0.0001755297640982,0.0076165835804884,0.8703848036105895,0.0003406368013079,0.0032818066300065,0.0051124759927951,0.0053366495443545,70.62078852092773,0.0047323768849691,0.0171812427148818,0.0020448795061294,-0.012499919762975,-0.0392889746591149,0.9209523842580096,1,0.64507765,1,0.003611475529465391,0.003611475529465391,0.9924147574988111
2025-09-17,25330.25,0.5708477063752709,0.0036114755294653,0.0143014041593347,0.024891683379292,0.0139948161440264,0.0014857899283408,0.002815011136329,0.9718633102625694,0.0003065880153083,0.0032366677320198,0.0050943129797835,0.0053633433651116,85.81095782635558,0.006268617473023,0.0175535569394529,-0.0026571419435577,-0.0019474641550334,-0.0275142279793749,0.9255496910741048,1,0.64200526,1,0.0036853015416349333,0.0036853015416349333,0.9960721051345628
2025-09-18,25423.599609375,0.5740448495432459,0.0036853015416349,0.0167203059077003,0.0278681347906761,0.0148918413564071,0.0043742474413004,0.0047058979559608,0.9864463289120788,0.0018284645512931,0.0031261071661945,0.0051172775230657,0.0053785406847823,92.33368836928192,0.0042194000753892,0.0193498329238896,-0.0005340985337543,-0.0351219177246093,-0.0453667305916913,0.9007696505762284,0,0.6620901,1,-0.0037976065391384095,-0.0037976065391384095,0.9922894151946504
2025-09-19,25327.05078125,-0.8244506706967849,-0.0037976065391384,0.0084833471868279,0.0236874330564649,0.0096995377983755,-0.0005270847099109,0.0056334542558169,1.3411602940398706,-0.0012161906115475,0.0043457359923299,0.0052140164498001,0.0053989506550127,82.63290164553209,-0.004819844798488,0.0118511050495322,0.0010222382593496,0.0080889707713778,-0.0148220968603288,0.9138824222273196,0,0.5784481,1,-0.004923635718664832,-0.004923635718664832,0.987403743586745
2025-09-22,25202.349609375,-1.1345655744068013,-0.0049236357186648,0.0053113140736227,0.0173251771366318,0.0133594157328889,-0.0035121014540252,0.0071825403666503,0.8903270946300477,-0.0080481016592661,0.00513263783939,0.0049395188778021,0.005402180843611,76.96233958545865,-0.003139292603342,0.0072310798510315,-0.0017843431153228,0.0591775463175305,0.0153846929764636,0.9731822317177352,0,0.46181697,-1,-0.0013034343973540308,0.0013034343973540308,0.9886907595902122
2025-09-23,25169.5,-0.3510445800745012,-0.001303434397354,-0.0027576106300221,0.0120996113714246,0.0080804237466332,0.0002638797861341,0.0070660741624784,1.0311552247036082,-0.0108380343766553,0.0040479101600756,0.0048962405486614,0.0052804120019855,71.59416577476615,0.0040698384274144,0.0065668937041545,-0.0053732728247685,0.0066287587161628,0.0350535190487846,0.9847607667378404,0,0.58512604,1,-0.00447365300760838,-0.00447365300760838,0.9842677001999769
2025-09-24,25056.900390625,-1.183522057269825,-0.0044736530076083,-0.0107914295901145,0.003355641973195,0.013954714338668,-0.0024136355509644,0.0048906458486908,0.9227690623171134,-0.0247461439287826,0.003557745646473,0.0043725435595129,0.00530520864862,64.07994585180842,-0.0069942667729543,-0.0066999219007642,0.0025206137653459,-0.0103480390868303,0.0263415080745046,0.9821679018611458,0,0.4917906,-1,-0.006626948212322681,0.006626948212322681,0.9907903912762641
2025-09-25,24890.849609375,-1.7778167371240785,-0.0066269482123226,-0.0209549398269923,-0.0045850069234768,0.0159157097303741,-0.0008939809104792,0.0086178891149023,1.2892904197251975,-0.0368706495573665,0.0019464397156102,0.0041736805702224,0.0053452182902714,55.74157917127593,-0.0026360092023983,-0.013480789279464,-0.0039909390099243,0.0247147589252851,0.0899898239386129,1.013062653802241,0,0.5691367,1,-0.009487437927231501,-0.009487437927231501,0.9813903289401331
2025-09-26,24654.69921875,-2.117576869785485,-0.0094874379272315,-0.026546776737138,-0.0182886350740623,0.0093278344534266,-0.0029046348059476,0.0097099366088519,1.104375828755442,-0.0358746111905646,0.0030194237443288,0.0047063213098099,0.0055021793972244,46.07504954117517,-0.010674576718462,-0.0192845681053224,0.0011871387912305,0.0602969005849347,0.146439317857919,1.0757647296756283,0,0.5300009,1,-0.0008030448049409777,-0.0008030448049409777,0.9806022285348585
2025-09-29,24634.900390625,-0.1911955220844069,-0.0008030448049409,-0.022515726809016,-0.0173240008320718,0.0003999833122172,0.0029954355494158,0.0075225580697953,1.4489079921382728,-0.0229157101212332,0.0036677525158434,0.0043557552558607,0.0054785990911219,41.84751652204134,0.0013173247233453,-0.0149001306870339,-0.0021203695282863,-0.005249380403737,0.0767044918329447,1.0697149155670358,0,0.6017462,1,-0.0009661407544825362,-0.0009661407544825362,0.9796548287579345
2025-09-30,24611.099609375,-0.2396342096398459,-0.0009661407544825,-0.0221855972754723,-0.0248820286666141,0.0012815505744847,0.0023157726323387,0.0058607176384405,1.1067482421696608,-0.023467147849957,0.0037448623908836,0.0043403054225877,0.0054252283155277,36.61838008891649,0.0032105830318944,-0.0157431521039096,-0.004176723786377,-0.0263852413152517,0.0413922460626845,1.0431095070946312,1,0.59010667,1,0.009150390492475902,0.009150390492475902,0.9886190529889093
2025-10-01,24836.30078125,1.9162521218102857,0.0091503904924759,-0.008803946455306,-0.019500368877133,0.00490591749429,0.0003840207071202,0.0106478314520926,1.134806487757385,-0.013709863949596,0.0071412938099162,0.0046429326537295,0.0055390910096379,44.52572272046979,0.0130335235177108,0.0041081831726277,-0.0038831330252349,-0.0704606824276501,-0.0218631640591713,0.97254382412937,1,0.57867265,1,0.0023332467769816567,0.0023332467769816567,0.9909257452079583
2025-10-03,24894.25,0.4289108057049981,0.0023332467769816,0.000136612075456,-0.0208211904493571,0.0064666965993738,-0.0030902347606428,0.0063541641510294,1.331538055641473,-0.0063300845239178,0.0067240272891381,0.0046652404088955,0.0055486731137058,42.64977187285303,0.0043597059088189,0.0111512034291543,-0.0020264591318372,-0.0223517534585986,-0.0667902904628408,0.9543686925070672,1,0.546648,1,0.007367178791287232,0.007367178791287232,0.9982260723417948
2025-10-06,25077.650390625,1.357073055947878,0.0073671787912872,0.0171549921628466,-0.0098471943211656,0.0136069839790227,0.0008958205710153,0.0086127256335755,0.9678464695927664,0.0035480081838239,0.0046366593892924,0.0049218849906124,0.005574596424908,50.25869067917184,0.0092752027145537,0.0315411004308201,-0.0019080239232664,0.0129223812469339,-0.108486499709976,0.9694144085408116,1,0.65073264,1,0.0012222193924698033,0.0012222193924698033,0.9994461236054799
2025-10-07,25108.30078125,0.1094313033757702,0.0012222193924698,0.0192166553596115,-0.0037317484116645,0.0135287755227058,0.0003050680787806,0.0057663851872091,1.023199630511241,0.0056878798369057,0.0042498360938726,0.0049214012657157,0.0055058370226349,45.62311853986699,0.0023972971365973,0.0326536707460385,-0.0011750777441275,-0.0137389004331216,-0.1160949611354645,0.9597020783182152,0,0.63215786,1,-0.0024752925801897474,-0.0024752925801897474,0.9969722020314199
2025-10-08,25046.150390625,-0.5788563530100086,-0.0024752925801897,0.017677015174254,-0.0049007572409066,0.0071395568724772,-0.0011371052744166,0.0073574984505268,0.8078296239720038,0.0105374583017767,0.0047038650859143,0.0049099058263339,0.0053619987816979,40.30509888881925,-0.0039314386876293,0.0253020388255251,0.0014561461074396,0.0258706690494923,-0.0686539562925967,0.9863197503975104,1,0.5617528,1,0.005416017571936882,0.005416017571936882,1.0023718209963546
2025-10-09,25181.80078125,1.0041170777693256,0.0054160175719368,0.013911089378529,0.0049846704371994,0.008357039179736,0.0011239408126981,0.0069911731112616,1.0095026533382665,0.0055540501987929,0.0038061429420206,0.0049667071453929,0.0053290845320232,41.98014876081873,0.00310257427267,0.0152508191254545,0.0023134432992668,-0.0184287610402135,-0.0165209015475381,0.9700920074461912,1,0.62007654,1,0.0041120501676790155,0.0041120501676790155,1.0064936242109594
2025-10-10,25285.349609375,0.7040310399855498,0.004112050167679,0.0157104395342297,0.0158491978454369,0.0111915222401071,-0.0005619292578764,0.0069126457933029,0.820012675163718,0.0045189172941226,0.0038382352603638,0.0050321279372972,0.0053021324976496,48.62327110894216,0.0074334218620364,0.0183578659542986,-0.0033213716943574,-0.0019762356042999,0.0039761391833572,0.9693828853542504,0,0.61355126,1,-0.0022938183927065925,-0.0022938183927065925,1.0041849106236025
2025-10-13,25227.349609375,-0.5071969585436942,-0.0022938183927065,0.0059694276145569,0.0232268252613481,0.004513403256152,-0.004273179125233,0.0045721463416073,0.8236948497099638,0.0014560243584049,0.003599941505247,0.0049885703162336,0.005313383478036,50.86337845335923,0.0002693882237601,0.0092710063927459,-0.0025632066164666,0.0900989913903038,0.0804711170034897,1.052229187499173,0,0.51278913,1,-0.003244479132464395,-0.003244479132464395,1.0009268536359486
2025-10-14,25145.5,-0.6774265864728262,-0.0032444791324643,0.0014815506263881,0.0207266764337845,0.0030436066419279,0.0019899502980822,0.0099678107758069,1.007988681263692,-0.0015620560155398,0.0041095429145838,0.0050302033018497,0.0053099324754676,49.198290102650375,-0.0022702124724062,0.0045714904085314,-0.0009742666600581,0.0136239432708447,0.1104477249364193,1.0627053000539768,1,0.6232295,1,0.007080820872521931,0.007080820872521931,1.0080142373930416
2025-10-15,25323.55078125,1.3658819282964734,0.0070808208725219,0.0110755699498168,0.0289483681421374,0.0033460453495588,0.0014495324710186,0.0081798927414766,0.9918740911812473,0.0077295246002579,0.0046735983224364,0.0050514367647071,0.0052483580035592,58.53416729853418,0.005371120184475,0.0139534604793973,0.0017097006880468,-0.0564516239296373,0.0213384388361326,1.0014741203454147,1,0.63914716,1,0.010336228211479837,0.010336228211479837,1.018433302591157
2025-10-16,25585.30078125,1.78641736784837,0.0103362282114798,0.0160234767761502,0.0301574701722671,0.0100690195023736,0.0028175199438393,0.0097943907567698,1.2532356203986914,0.0059544572737766,0.0058665108728038,0.0054921493247937,0.0053635713726765,70.94305259514283,0.0109622087517486,0.0218981151762944,-0.0006259805402688,0.0322887142649483,0.0741106727748313,1.030771399562889,1,0.6141692,1,0.004867983737610659,0.004867983737610659,1.0233910193460118
2025-10-17,25709.849609375,0.7750483545094136,0.0048679837376106,0.0167883777190334,0.0327625700462959,0.0112592238863942,-0.0015028618269431,0.0106983681897105,1.3840932566032125,0.0055291538326391,0.0059056770161002,0.0055341620838234,0.005368966897287,84.1174590857211,0.0050642261148898,0.0194949026007003,-0.0001962423772792,0.0699172251042528,0.1514851163548716,1.0938161326024505,1,0.5985988,1,0.005184813729964155,0.005184813729964155,1.0286971111542391
2025-10-20,25843.150390625,0.752391088886041,0.0051848137299641,0.0244100466670171,0.0305251882882207,0.0203774065062907,0.0044632699818732,0.0053395590573317,1.000332225913618,0.0040326401607264,0.005002276093885,0.0055255392522037,0.0053730421644167,86.39632685455297,0.0055420045377823,0.024868860375276,-0.0003571908078181,-0.0232158602843359,0.0317892298382773,1.061483798077452,1,0.6179789,1,0.0009847568259027106,0.0009847568259027106,1.0297101276562346
2025-10-21,25868.599609375,-0.0624764773353551,0.0009847568259027,0.0287566208417013,0.0302807758577101,0.0264360272088346,0.0022461978221532,0.0042031156766224,0.1463498622589526,0.0023205936328667,0.0033937057949709,0.005345987871845,0.0053730180975875,87.84231116387012,-0.0004480194156106,0.026740618585612,0.0014327762415133,-0.0052816432883531,0.0125448338025935,1.0522395151836157,1,0.6145004,1,0.0008814076368377499,0.0008814076368377499,1.03061772202648
2025-10-23,25891.400390625,-0.1028619326861601,0.0008814076368377,0.0224237751759301,0.033747701216247,0.0286815546842409,0.0072906772002706,0.0093475292287759,1.5054052239307008,-0.0062577795083107,0.0038554878539112,0.0053120833732048,0.005154283918619,86.15584578913102,0.001221427054818,0.0225027223447664,-0.0003400194179803,0.0380530393135774,0.1139600987365399,1.0867147984928092,0,0.64052624,1,-0.0037174505259611745,-0.0037174505259611745,1.0267864516336678
2025-10-24,25795.150390625,-0.9826212358159588,-0.0037174505259611,0.0082019598350309,0.0243568605241166,0.0294629418839138,0.0016877889218314,0.0087856529126762,0.9500308451573072,-0.0212609820488829,0.0036261917942944,0.0052702635135171,0.0050737062898861,80.08214757532386,-0.0065162176357368,0.004824773150629,0.0027987671097756,-0.0119351572985437,0.066237375769004,1.0684489662787706,1,0.5889026,1,0.006625291500029773,0.006625291500029773,1.0335892111840221
2025-10-27,25966.05078125,0.893614005426317,0.0066252915000297,0.0099650980370409,0.0269207735859273,0.0431966440980797,0.0018627078112505,0.0069287651972741,0.8994342649666439,-0.0332315460610388,0.0040712547936086,0.0050255726485972,0.0050841252761301,79.91447763808227,0.0071863310364606,0.0069463724882767,-0.0005610395364308,0.0232959016854774,0.0197764006855631,1.087923649966947,0,0.6426951,1,-0.001149638146805021,-0.001149638146805021,1.032400957598719
2025-10-28,25936.19921875,-0.8568046801746396,-0.001149638146805,0.0036005218682144,0.0280984574420604,0.0519779206645285,-0.001005218803579,0.0089751252123953,1.3118236739029367,-0.048377398796314,0.0038066108768476,0.0043003008893127,0.0050577508895079,77.892243307243,0.0017181941176218,0.0031172216280566,-0.0028678322644268,0.0075885459690734,0.0519366347199752,1.0935712514196292,1,0.57831013,1,0.0045381040946781415,0.0045381040946781415,1.0370861006117473
2025-10-29,26053.900390625,0.4050648041128598,0.0045381040946781,0.007163154714523,0.0361257636803802,0.0576012071288913,0.0017659018140518,0.0052984296786093,1.0815260302047771,-0.0504380524143683,0.0041799518482547,0.004247473835608,0.0050809258583312,82.72654388725009,0.0029399824596838,0.0065173079607643,0.0015981216349942,0.0016736785006612,0.0592920411491049,1.0924024902370368,0,0.63528836,1,-0.0067571756478100875,-0.0067571756478100875,1.0300783276680112
2025-10-30,25877.849609375,-1.972988249869493,-0.00675717564781,-0.0005233699624415,0.021888669283117,0.0514706786818035,-0.002667546853177,0.007227663932444,0.8714936263140937,-0.051994048644245,0.00559499741391,0.0046942455921832,0.0050394407516509,72.02612650077654,-0.0060657175827798,-0.0008083814473531,-0.0006914580650302,0.0083541708909447,0.0289855213858833,1.0965250706011584,0,0.5002349,1,-0.006018660837397216,-0.006018660837397216,1.0238786355778242
2025-10-31,25722.099609375,-1.62126187628515,-0.0060186608373972,-0.0028319579511562,0.0053467742785049,0.0356654896365937,-0.0005428900908331,0.0094336627080824,1.1273303441998412,-0.0384974475877499,0.0060463783985319,0.0047941997801318,0.0051061191454852,63.37873961611951,-0.0043898873731637,0.0013301651644312,-0.0016287734642335,0.006627997160626,0.0483174683839275,1.0945452598623158,1,0.54463476,1,0.0016036793506921665,0.0016036793506921665,1.0255206086033153
2025-11-03,25763.349609375,-0.0259475033716486,0.0016036793506921,-0.0078063920302184,0.0020809145449256,0.0349116606997599,-0.0009816461479994,0.0061453124086096,0.0833631484794272,-0.0427180527299784,0.0048611155451823,0.0047923412707857,0.0050983709396358,66.58925112801333,0.0056268290997627,-0.0002202692325892,-0.0040231497490705,0.042798392929215,0.0682968333106706,1.1281275162865574,0,0.5956619,1,-0.006431586779760301,-0.006431586779760301,1.0189248838146505
2025-11-04,25597.650390625,-1.5134610077392676,-0.0064315867797603,-0.0130531395625714,-0.0094996158088008,0.0207355949181904,-0.0007219406504592,0.0081709566199691,1.0845493485949875,-0.0337887344807619,0.0053053796532026,0.0049307723199445,0.0051923667976243,63.30360005878413,-0.0047227468710272,-0.0066487461089552,-0.001708839908733,-0.0015785680854961,0.0585773908316222,1.1141447661434574,0,0.55761886,1,-0.0034359080045569534,-0.0034359080045569534,1.0154239516503094
2025-11-06,25509.69921875,-0.8422949008691163,-0.0034359080045569,-0.0208875125687829,-0.0138739783383918,0.0159866826909986,-0.0001680146882377,0.0073592858663187,1.302581345662144,-0.0368741952597816,0.0035122761274957,0.0050303048724334,0.0050610137102105,55.78368760707741,-0.0047175288652011,-0.0142330468739964,0.0012816208606442,-0.0189723144945079,0.0367585271986394,1.0817642887560324,0,0.56711507,1,-0.0006820322478444663,-0.0006820322478444663,1.0147313997700502
2025-11-07,25492.30078125,-0.3160657071249399,-0.0006820322478444,-0.0148987969999379,-0.015414369379553,0.0178131323044359,-0.0029752776326038,0.0091949068143397,1.055904913274822,-0.0327119293043738,0.0034601420481158,0.0049846534814868,0.0050395132973773,46.59316285744176,0.0056042912773599,-0.0026589324878456,-0.0062863235252044,0.012087072848423,0.0405965813737838,1.084207388577764,1,0.5283009,1,0.0032185728871263475,0.0032185728871263475,1.0179973867410659
2025-11-10,25574.349609375,0.4957700061273685,0.0032185728871263,-0.0057440878561153,-0.0085597787919952,0.0155885923939675,0.000439317692275,0.0058795545219283,0.8479384583253534,-0.0213326802500829,0.0038794713920373,0.0049036145665514,0.0048105228979007,44.8767483416461,0.0010496433662532,0.0027900553494732,0.0021689295208731,-0.0207006544741636,0.0123457264949886,1.051866442541474,1,0.58451945,1,0.0047156471705849246,0.0047156471705849246,1.0227979032375143
2025-11-11,25694.94921875,0.7908659293942589,0.0047156471705849,-0.0026549494402742,-0.0104406158943416,0.0161990882349964,0.0016677018683347,0.0104738167627729,1.024696669821871,-0.0188540376752707,0.0046094997365099,0.0049268805730511,0.0046525277505085,44.34217609826037,0.0034623081843307,0.0006316403333044,0.0012533389862541,0.0154471201168289,-0.0142068116883887,1.057309731549464,1,0.5957052,1,0.0070384090258497345,0.0070384090258497345,1.0299967732312814
2025-11-12,25875.80078125,1.1372331719968372,0.0070384090258497,0.0108662469554967,-0.0023287312451061,0.0257042924411696,0.0054233056198575,0.0059500987465936,1.0616764026626782,-0.0148380454856729,0.0042012585930054,0.0050566949774997,0.004693802795917,50.24575641871487,0.0023478559890282,0.0077402815845335,0.0046905530368215,-0.0304243491917133,-0.0426877453072812,1.020390947968073,1,0.59106016,1,0.00012944949620363744,0.00012944949620363744,1.0301301057946675
2025-11-13,25879.150390625,-0.2664654840957529,0.0001294494962036,0.0144827725606206,-0.0067072491020531,0.0291762100823209,0.0011709329647859,0.007838487665376,1.2878851201123347,-0.0146934375217002,0.0031930916514863,0.0049531584805672,0.0045877629570864,49.5763158387685,0.0018412943557279,0.0143812006715402,-0.0017118448595243,0.0041288350249699,-0.0201450445667921,1.0203054171178398,1,0.60615396,1,0.001194026471448284,0.001194026471448284,1.0313601084100221
2025-11-14,25910.05078125,0.0078970319325573,0.0011940264714482,0.0163873007613051,0.0012443526939476,0.0231602592016539,-0.0042988273695531,0.0077463960501665,1.67093335909449,-0.0067729584403488,0.0027500357270114,0.0047734019884144,0.0045694530731175,54.16214456975127,0.0023226624721266,0.011070929825955,-0.0011286360006783,-0.0180921274497901,-0.0493631224936153,0.995954431251965,1,0.56614083,1,0.0039906690408659795,0.0039906690408659795,1.0354759252646382
2025-11-17,26013.44921875,0.7286383174972455,0.0039906690408659,0.0171695318192584,0.0113268206639247,0.0167341568958128,0.0014723412864789,0.0045490627260103,0.9209300805568688,0.0004353749234455,0.0027688710080726,0.0043254522456426,0.0045443842911785,51.80524106027586,0.0076070927705784,0.0176940244051835,-0.0036164237297124,-0.012562782562967,-0.0414634325994563,0.979683416415955,0,0.65810055,1,-0.003974806902018679,-0.003974806902018679,1.0313601084100221
2025-11-18,25910.05078125,-1.0064201236344734,-0.0039748069020186,0.0083713558127227,0.0056941808460191,0.0077869444946887,0.000321047871421,0.0059262114032036,0.9367994914517016,0.0005844113180339,0.0041369755961056,0.0043439210691304,0.004599187884503,49.05693072744589,-0.0010760908097949,0.0130912590606184,-0.0028987160922236,0.0262935047175334,-0.0312249316889715,1.0034832048284814,1,0.5787285,1,0.005503640675154298,0.005503640675154298,1.0370363438533992
2025-11-19,26052.650390625,1.166860215117501,0.0055036406751542,0.006834555995776,0.0177750689245541,0.0081065967899951,0.0003106450154402,0.0084486961918435,0.8439630154552176,-0.001272040794219,0.0036745885058799,0.0043628392045011,0.0046429402583117,49.95571289729256,0.0053786895631098,0.0161545778308669,0.0001249511120444,-0.0107438107721058,-0.0115606435687423,0.9901973228942688,1,0.6085441,1,0.005354541588221684,0.005354541588221684,1.0425891980850595
2025-11-20,26192.150390625,1.049550854205494,0.0053545415882216,0.0120946783520909,0.0267526153884789,0.0125074718436919,0.0030495637702408,0.0070387050467321,0.7850180416999991,-0.0004127934916009,0.0039649869778488,0.004499922749953,0.0046826683847218,61.43165246781909,0.0022231884052235,0.016541927991843,0.0031313531829981,0.0142021781538475,-0.0016446960806181,1.0007831834815228,0,0.63282424,1,-0.0047342428227803435,-0.0047342428227803435,1.0376533276569169
2025-11-21,26068.150390625,-1.092019651690008,-0.0047342428227803,0.0061018641263879,0.022589157970337,0.006826590965856,-0.0031536016761939,0.0048748283756634,0.7970364857321647,-0.0007247268394681,0.0051352953867473,0.004656014968426,0.0047376860057024,62.884023571599926,-0.0080879293775275,0.0059836482016979,0.0033536865547472,0.1227347387957606,0.1415410882286951,1.1148828394526988,0,0.52545506,1,-0.004167936312968079,-0.004167936312968079,1.0333284546723034
2025-11-24,25959.5,-0.9610708225506716,-0.004167936312968,-0.0020738971712799,0.0150600268045062,0.0063713375144629,0.0020964429699106,0.0089012446727867,1.5256824860055436,-0.0084452346857428,0.0053293212198358,0.0046778418841904,0.0047682391943425,56.953982636116415,-0.0005494975458408,-0.0021598003133734,-0.0036184387671271,-0.0286133778465306,0.1229855652210911,1.0757230930731256,0,0.6264028,1,-0.002877529180069005,-0.002877529180069005,1.0303550218913882
2025-11-25,25884.80078125,-0.6090104244010285,-0.002877529180069,-0.0009745252995904,0.0073886724151011,-0.0031290857698957,0.0015023401837477,0.0067717145654065,0.8560771619645382,0.0021545604703053,0.0051652801597754,0.0044838086997531,0.0047954427864616,60.88230286905885,-0.0002558118690598,-0.0013404112743371,-0.0026217173110091,-0.0755287022120202,0.0115701971268393,0.9929423070792802,1,0.57065845,1,0.012381783530362567,0.012381783530362567,1.0431126547318694
2025-11-26,26205.30078125,2.2468263004406817,0.0123817835303625,0.0058593036921852,0.0127339054271418,0.0103755203385953,-0.0016168392738921,0.0144024263146001,0.9228964130070368,-0.0045162166464101,0.0074396198422646,0.0052678696364371,0.005045111646829,72.41136715390834,0.0120324104195266,0.0052688417394222,0.0003493731108359,-0.0220587834263243,0.0,0.9709604389994556,1,0.5338443,1,0.0003911422381892571,0.0003911422381892571,1.0435206601503249
2025-11-27,26215.55078125,0.0133057150794038,0.0003911422381892,0.000893412349731,0.0129988962368279,0.0062044602996627,0.0021350344045671,0.0064474588919115,0.8167357759499667,-0.0053110479499316,0.0070656411210566,0.005182584876902,0.0050312722770327,73.40999607979896,0.0035151495346108,0.0065647290059882,-0.0031240072964215,-0.0150376191445533,-0.0288303436220439,0.9570582028618988,0,0.6024299,1,-0.0004806903583736144,-0.0004806903583736144,1.043019049830227
2025-11-28,26202.94921875,-0.2268413892078838,-0.0004806903583736,0.005171016205794,0.0113044331704652,0.0125628525662822,0.0008353224268575,0.0041398422673455,0.6947422591988998,-0.0073918363604881,0.0065620846942092,0.0049134909376182,0.0049628702042888,71.3041452135477,0.0002577692212171,0.0150337113857867,-0.0007384595795907,-0.0144190056695493,-0.1474688343364172,0.944984338247074,0,0.6075312,1,-0.0010380212747401751,-0.0010380212747401751,1.041936373866544
2025-12-01,26175.75,-0.410151276712862,-0.0010380212747401,0.0083302837111653,0.006239110388061,0.0176366003364536,0.0046884631754387,0.0077170427622258,0.7490059380966535,-0.0093063166252882,0.0060711289169844,0.0046783446750922,0.0049517810469486,67.39638631117307,-0.0011940490920552,0.014379110135873,0.000156027817315,0.0008606049036423,-0.1216011846306305,0.947801647913636,0,0.60558426,1,-0.005484113396941881,-0.005484113396941881,1.0362222766398614
2025-12-02,26032.19921875,-1.2288423709393903,-0.0054841133969418,0.0056944010790598,0.0047143264415518,0.0104353515148964,-0.0033542794857835,0.0060293448248687,0.8578546899198679,-0.0047409504358366,0.0066461853168593,0.0048850948261802,0.0050072710967519,55.81580805073531,-0.0068287793520092,0.0077099231723847,0.0013446659550673,-0.0343938579766573,-0.0825163601117918,0.9206049574064176,0,0.4999587,-1,-0.0017746951904364927,0.0017746951904364927,1.0380612553304374
2025-12-03,25986.0,-0.5457516392530898,-0.0017746951904364,-0.008368565699002,-0.0025582959747152,0.0151712990625589,-0.0010486562389756,0.0067764558630412,0.9005253346890327,-0.023539864761561,0.0022767535638808,0.0046396087805004,0.0049800458094324,53.85058272149139,0.0012560223533624,-0.0030204379093601,-0.0030307175437989,-0.0017808998134093,-0.0634920811969608,0.9244217251115254,1,0.6084764,1,0.0018375278996383138,0.0018375278996383138,1.0399687218486406
2025-12-04,26033.75,0.1781864564414179,0.0018375278996383,-0.0069348449997101,-0.0060476283261452,0.0205431971877119,-0.0001597164097975,0.0061413737274619,0.8588935816658559,-0.0274780421874221,0.0026641586368417,0.0045374356352248,0.0049205440310996,54.40431154326847,-0.0010034125900931,-0.0075095720200468,0.0028409404897314,-0.0347903962529531,-0.0822731357224154,0.8981488929003059,1,0.6319301,1,0.005865433091659877,0.005865433091659877,1.0460685888040628
2025-12-05,26186.44921875,0.9694144802461292,0.0058654330916598,-0.000629700109795,0.0045380599065265,0.0272297288289709,-0.0013040464301147,0.0083604801653936,0.8715411910713319,-0.0278594289387659,0.0042417147018805,0.0046424975999206,0.0049663525942459,55.95075257725168,0.0082393441994341,0.000410023318115,-0.0023739111077742,-0.0462107221906094,-0.111876093247682,0.8646836818967016,0,0.6487595,1,-0.00862653945989178,-0.00862653945989178,1.0370446368449913
2025-12-08,25960.55078125,-1.829205483292352,-0.0086265394598917,-0.0082213200672378,4.04777152873681e-05,0.0151011141152705,-0.0010176422651803,0.0110631257905357,1.106243532252497,-0.0233224341825084,0.0057533377918354,0.0051252566162314,0.0050906128517712,51.602058089017966,-0.009010934679774,-0.0074194161100102,0.0003843952198823,0.0784884150745601,-0.042992260969899,0.93714479608492,0,0.5502281,1,-0.004657081109092687,-0.004657081109092687,1.0322150358574547
2025-12-09,25839.650390625,-0.9556505989702916,-0.0046570811090926,-0.0073965640208497,-0.0017442819439316,0.0056315025432862,-0.0035997376427966,0.0076045705311333,0.955629035888022,-0.013028066564136,0.0056249186415269,0.0051728507821335,0.0050396332740889,43.14847484166744,-0.0002734573776089,-0.0008679925712857,-0.0043836237314837,-0.0161725339914629,-0.0249331918419145,0.9280054123656136,0,0.49661165,-1,-0.0031598875909956137,0.0031598875909956137,1.0354767193404997
2025-12-10,25758.0,-0.5911219238635346,-0.0031598875909956,-0.0087739552066496,-0.0170690954850648,-0.0045525463055566,0.0009443003390577,0.0082806811428883,0.7331264546159788,-0.004221408901093,0.005676946910191,0.0049723915529462,0.0048514695020235,35.49494735902209,-0.0044232138388417,-0.0065351811131751,0.001263326247846,-0.0036529646164178,-0.0267618367273845,0.929341104184146,1,0.5346348,1,0.0054565875164998,0.0054565875164998,1.041126888680879
2025-12-11,25898.55078125,1.052083111921244,0.0054565875164998,-0.0051932287415373,-0.012092059504877,0.0007496533051574,0.0005202418908688,0.0089342835666955,0.7504779244424188,-0.0059428820466947,0.0064277494105979,0.0051318292389378,0.0048876195688916,44.39562311903955,0.004230858874952,-0.0013298935090325,0.0012257286415477,-0.0467461261241732,-0.0388170136913088,0.8925889089058908,1,0.584929,1,0.005729990019651465,0.005729990019651465,1.0470925353622114
2025-12-12,26046.94921875,1.0308574594762456,0.0057299900196514,-0.0053271827285432,-0.0059535283107892,0.0052836035967582,0.0028051159353903,0.004593581891506,0.8335420721015787,-0.0106107863253015,0.0063918464507582,0.0052827374673291,0.0049239204239308,52.81576941508849,0.0030416839680791,-0.006478222550757,0.0026883060515723,-0.0278846127394385,-0.0203488415074561,0.8745674486025804,0,0.60686594,1,-0.0007543469807149705,-0.0007543469807149705,1.0463026642696316
2025-12-15,26027.30078125,-0.1520681517311622,-0.0007543469807149,0.0025712089301359,-0.0056712498686761,0.0005324769654158,-0.0044879896113073,0.0054970764290332,0.713598050965673,0.0020387319647201,0.0048299932405908,0.0052129426670136,0.0047937670760627,54.75698682388653,0.0012098269731692,0.0037686607294697,-0.0019641739538842,0.0138477099977238,-0.0790655979687851,0.8926238829993189,0,0.54845655,1,-0.006424068837574293,-0.006424068837574293,1.039581143929426
2025-12-16,25860.099609375,-1.1859459226008482,-0.0064240688375742,0.0007913891419142,-0.006611028439389,-0.0019278685440148,-0.0029123566015192,0.005666888961349,1.0421552590607162,0.002719257685929,0.0053444950938045,0.0053401254452184,0.0049011350679937,37.16245171617199,-0.0071844312337864,-0.003170255740383,0.0007603623962121,-0.018536544427639,-0.0812784844886829,0.8839293968842538,0,0.51266575,1,-0.001606677033445636,-0.001606677033445636,1.0379108727810715
2025-12-17,25818.55078125,-0.2250941830643221,-0.0016066770334456,0.0023507563184252,-0.006443824318864,-0.0089856350837626,0.001635754768503,0.0061621508305898,0.8209919491104232,0.0113363914021878,0.0051440763335508,0.0051829465419969,0.0048186825409427,35.571998046224664,-0.0018269211554823,-0.0005706955582341,0.0002202441220366,-0.0218688129077823,-0.0980751338028685,0.8727659943518439,0,0.6075087,1,-0.00011619552256891819,-0.00011619552256891819,1.0377902721848287
2025-12-18,25815.55078125,0.118927376327051,-0.0001161955225689,-0.0032048125279693,-0.0083813979449752,-0.0143783386914957,-0.0020857701486137,0.0068431458382586,0.7923491789802883,0.0111735261635264,0.0043384545040149,0.0050025106161633,0.0048187749555596,35.821996534260904,-0.0002358595629319,-0.0050160571621513,0.000119664040363,-0.0132113935391279,-0.0663461159319551,0.8706177801523041,1,0.5726147,1,0.005843362036054733,0.005843362036054733,1.0438544564627004
2025-12-19,25966.400390625,1.1770925283066702,0.0058433620360547,-0.0030924476969846,-0.0084031563915676,-0.0039032305121499,0.003716721737337,0.0043623814127308,1.4913339824732172,0.0008107828151652,0.0043798323031428,0.0051125574532516,0.0048550543236908,42.97411775770085,0.0026538803012128,-0.0054007454833575,0.0031894817348419,-0.0195674129389148,-0.0583579840701481,0.8696049789132919,1,0.65620446,1,0.00793332910611566,0.00793332910611566,1.0521356974047045
2025-12-22,26172.400390625,1.4080386261924522,0.0079333291061156,0.0055749003938021,0.0081604435576154,0.0082012515890137,0.0034448062651878,0.0051020982007688,1.027765929356322,-0.0026263511952115,0.0057952872530164,0.005326465002782,0.0049167324330766,54.51593218157243,0.0039750120935357,-0.0026538177313284,0.0039583170125798,0.0168067058527949,-0.0556097263243141,0.8988347027909562,1,0.66622263,1,0.00018148889399149937,0.00018148889399149937,1.0523266483487554
2025-12-23,26177.150390625,-0.074532431187342,0.0001814888939914,0.0122602304723937,0.0130613222275812,0.0112942576551242,0.0012531837980267,0.0043837733981587,0.8878140755010826,0.0009659728172695,0.0041629995300125,0.0052706294579807,0.0048937225105668,56.32594017423016,-7.502392334413077e-05,0.0044880326408147,0.0002565128173356,-0.0309917542641455,-0.0675944609157074,0.882698924889994,0,0.65829587,1,-0.0013389838361685946,-0.0013389838361685946,1.050917599976247
2025-12-24,26142.099609375,-0.2730327300081072,-0.0013389838361685,0.0125316417201839,0.0149118568745632,-0.0024117705193531,-0.0002483081581839,0.004341017135283,0.7878320015022188,0.0149434122395371,0.0040991117443223,0.0044967238969497,0.004883655592451,53.61612200442433,-0.0019553136106835,0.0043588279092263,0.0006163297745149,-0.0202559202280928,-0.0660569676956398,0.8762812511362447,0,0.62449193,1,-0.0038175521330050532,-0.0038175521330050532,1.0469056672508452
2025-12-26,26042.30078125,-0.764944838957338,-0.003817552133005,0.0087834655135341,0.0055505036252481,-0.0066086728997474,-0.0007975491520016,0.0052136451562783,0.6057766039021871,0.0153921384132815,0.0049383897443658,0.0045696935337851,0.0048938443110308,45.01301411102314,-0.002910434570598,0.0016719611661557,-0.000907117562407,-0.0043525531751287,-0.0576725455629936,0.8835883998790268,0,0.6001136,1,-0.003847631310177624,-0.003847631310177624,1.0428775602267284
2025-12-29,25942.099609375,-0.7239698224279979,-0.0038476313101776,-0.0009358548310289,-0.0040254084458967,-0.0099549713735408,0.0008082553189829,0.0071951325555183,0.9914103160834384,0.0090191165425118,0.004836989249861,0.0046372832845174,0.0048477329357407,49.30085300765178,-0.0013387254809158,-0.0023167345767328,-0.0025089058292617,0.0622951554384976,0.0210083823159938,0.9473222854097226,0,0.5683979,1,-0.00012527898855285713,-0.00012527898855285713,1.0427469095807986
2025-12-30,25938.849609375,0.0687954993611501,-0.0001252789885528,-0.0089235522063026,-0.0033983997272095,-0.009050376421879,-4.6226742170345546e-05,0.0038159826879975,1.6167993971118333,0.0001268242155763,0.0019535628108661,0.0046361998471796,0.0046372003162614,54.12677209819754,0.0040537740505168,-0.0022384662080129,-0.0041790530390697,-0.0041152222998093,0.0,0.952474696323982,1,0.6090878,1,0.0073538342244390265,0.0073538342244390265,1.050415097491902
2025-12-31,26129.599609375,1.494465386080693,0.007353834224439,-0.0018164995249838,0.0104214602445806,0.0037415352351346,0.0012414263685526,0.0084311763544995,1.005059985309716,-0.0055580347601185,0.0045914230399671,0.0047863331284705,0.0046997627488668,64.17239370580324,0.0069392071740921,0.0047605888667079,0.0004146270503468,-0.0206612351894776,0.0106609196775442,0.940896191295038,0,0.61773646,1,,,1.050415097491902
